,loc_inicio,loc_fim,multip_g,numero_passos,variacao_altura
0,"[6, 10]","[8, 1]",0.0,9.0,-6.0
1,"[19, 15]","[8, 12]",0.0,11.0,-8.0
2,"[9, 10]","[10, 4]",0.0,6.0,-10.0
3,"[24, 18]","[24, 11]",0.0,7.0,3.0
4,"[28, 1]","[21, 20]",0.0,19.0,6.0
5,"[3, 19]","[2, 25]",0.0,6.0,-18.0
6,"[10, 24]","[3, 25]",0.0,7.0,0.0
7,"[16, 13]","[15, 27]",0.0,14.0,2.0
8,"[8, 1]","[1, 19]",0.0,18.0,-9.0
9,"[9, 28]","[20, 29]",0.0,11.0,-12.0
10,"[15, 22]","[4, 11]",0.0,11.0,-3.0
11,"[11, 21]","[26, 10]",0.0,15.0,-13.0
12,"[15, 0]","[10, 29]",0.0,29.0,-14.0
13,"[23, 9]","[26, 6]",0.0,3.0,-10.0
14,"[24, 9]","[23, 5]",0.0,4.0,3.0
15,"[27, 2]","[15, 16]",0.0,14.0,-16.0
16,"[9, 18]","[13, 27]",0.0,9.0,1.0
17,"[20, 26]","[1, 17]",0.0,19.0,0.0
18,"[29, 29]","[23, 12]",0.0,17.0,0.0
19,"[1, 9]","[11, 21]",0.0,12.0,11.0
20,"[2, 20]","[15, 3]",0.0,17.0,-6.0
21,"[10, 8]","[18, 0]",0.0,8.0,-4.0
22,"[27, 0]","[17, 19]",0.0,19.0,11.0
23,"[22, 29]","[2, 15]",0.0,20.0,-4.0
24,"[0, 10]","[10, 2]",0.0,10.0,14.0
25,"[1, 23]","[12, 25]",0.0,11.0,11.0
26,"[27, 14]","[12, 25]",0.0,15.0,2.0
27,"[22, 14]","[8, 27]",0.0,14.0,10.0
28,"[24, 28]","[6, 7]",0.0,21.0,7.0
29,"[18, 10]","[21, 1]",0.0,9.0,-13.0
30,"[7, 28]","[22, 22]",0.0,15.0,10.0
31,"[4, 1]","[12, 23]",0.0,22.0,11.0
32,"[29, 9]","[20, 11]",0.0,9.0,-2.0
33,"[5, 18]","[14, 12]",0.0,9.0,5.0
34,"[28, 28]","[10, 15]",0.0,18.0,-9.0
35,"[19, 4]","[2, 3]",0.0,17.0,-3.0
36,"[14, 5]","[6, 26]",0.0,21.0,13.0
37,"[17, 21]","[6, 6]",0.0,15.0,-12.0
38,"[15, 2]","[14, 15]",0.0,13.0,-9.0
39,"[28, 13]","[16, 5]",0.0,12.0,-5.0
40,"[28, 13]","[10, 7]",0.0,18.0,-13.0
41,"[26, 6]","[5, 0]",0.0,21.0,11.0
42,"[18, 24]","[26, 1]",0.0,23.0,-2.0
43,"[17, 3]","[1, 17]",0.0,16.0,9.0
44,"[21, 9]","[22, 16]",0.0,7.0,-12.0
45,"[15, 5]","[27, 1]",0.0,12.0,17.0
46,"[5, 28]","[6, 28]",0.0,1.0,3.0
47,"[6, 5]","[25, 18]",0.0,19.0,7.0
48,"[24, 14]","[19, 29]",0.0,15.0,2.0
49,"[22, 18]","[27, 20]",0.0,5.0,4.0
50,"[6, 10]","[8, 1]",0.1,10.0,-6.0
51,"[19, 15]","[8, 12]",0.1,11.0,-8.0
52,"[9, 10]","[10, 4]",0.1,7.0,-10.0
53,"[24, 18]","[24, 11]",0.1,7.0,3.0
54,"[28, 1]","[21, 20]",0.1,20.0,6.0
55,"[3, 19]","[2, 25]",0.1,6.0,-18.0
56,"[10, 24]","[3, 25]",0.1,8.0,0.0
57,"[16, 13]","[15, 27]",0.1,14.0,2.0
58,"[8, 1]","[1, 19]",0.1,18.0,-9.0
59,"[9, 28]","[20, 29]",0.1,11.0,-12.0
60,"[15, 22]","[4, 11]",0.1,12.0,-3.0
61,"[11, 21]","[26, 10]",0.1,16.0,-13.0
62,"[15, 0]","[10, 29]",0.1,31.0,-14.0
63,"[23, 9]","[26, 6]",0.1,3.0,-10.0
64,"[24, 9]","[23, 5]",0.1,4.0,3.0
65,"[27, 2]","[15, 16]",0.1,16.0,-16.0
66,"[9, 18]","[13, 27]",0.1,9.0,1.0
67,"[20, 26]","[1, 17]",0.1,19.0,0.0
68,"[29, 29]","[23, 12]",0.1,17.0,0.0
69,"[1, 9]","[11, 21]",0.1,14.0,11.0
70,"[2, 20]","[15, 3]",0.1,17.0,-6.0
71,"[10, 8]","[18, 0]",0.1,8.0,-4.0
72,"[27, 0]","[17, 19]",0.1,19.0,11.0
73,"[22, 29]","[2, 15]",0.1,21.0,-4.0
74,"[0, 10]","[10, 2]",0.1,10.0,14.0
75,"[1, 23]","[12, 25]",0.1,12.0,11.0
76,"[27, 14]","[12, 25]",0.1,17.0,2.0
77,"[22, 14]","[8, 27]",0.1,16.0,10.0
78,"[24, 28]","[6, 7]",0.1,24.0,7.0
79,"[18, 10]","[21, 1]",0.1,9.0,-13.0
80,"[7, 28]","[22, 22]",0.1,15.0,10.0
81,"[4, 1]","[12, 23]",0.1,24.0,11.0
82,"[29, 9]","[20, 11]",0.1,9.0,-2.0
83,"[5, 18]","[14, 12]",0.1,9.0,5.0
84,"[28, 28]","[10, 15]",0.1,19.0,-9.0
85,"[19, 4]","[2, 3]",0.1,19.0,-3.0
86,"[14, 5]","[6, 26]",0.1,22.0,13.0
87,"[17, 21]","[6, 6]",0.1,16.0,-12.0
88,"[15, 2]","[14, 15]",0.1,14.0,-9.0
89,"[28, 13]","[16, 5]",0.1,13.0,-5.0
90,"[28, 13]","[10, 7]",0.1,18.0,-13.0
91,"[26, 6]","[5, 0]",0.1,23.0,11.0
92,"[18, 24]","[26, 1]",0.1,24.0,-2.0
93,"[17, 3]","[1, 17]",0.1,19.0,9.0
94,"[21, 9]","[22, 16]",0.1,7.0,-12.0
95,"[15, 5]","[27, 1]",0.1,12.0,17.0
96,"[5, 28]","[6, 28]",0.1,1.0,3.0
97,"[6, 5]","[25, 18]",0.1,20.0,7.0
98,"[24, 14]","[19, 29]",0.1,15.0,2.0
99,"[22, 18]","[27, 20]",0.1,6.0,4.0
100,"[6, 10]","[8, 1]",0.2,10.0,-6.0
101,"[19, 15]","[8, 12]",0.2,12.0,-8.0
102,"[9, 10]","[10, 4]",0.2,7.0,-10.0
103,"[24, 18]","[24, 11]",0.2,7.0,3.0
104,"[28, 1]","[21, 20]",0.2,21.0,6.0
105,"[3, 19]","[2, 25]",0.2,6.0,-18.0
106,"[10, 24]","[3, 25]",0.2,10.0,0.0
107,"[16, 13]","[15, 27]",0.2,17.0,2.0
108,"[8, 1]","[1, 19]",0.2,21.0,-9.0
109,"[9, 28]","[20, 29]",0.2,12.0,-12.0
110,"[15, 22]","[4, 11]",0.2,15.0,-3.0
111,"[11, 21]","[26, 10]",0.2,18.0,-13.0
112,"[15, 0]","[10, 29]",0.2,32.0,-14.0
113,"[23, 9]","[26, 6]",0.2,3.0,-10.0
114,"[24, 9]","[23, 5]",0.2,4.0,3.0
115,"[27, 2]","[15, 16]",0.2,19.0,-16.0
116,"[9, 18]","[13, 27]",0.2,9.0,1.0
117,"[20, 26]","[1, 17]",0.2,21.0,0.0
118,"[29, 29]","[23, 12]",0.2,19.0,0.0
119,"[1, 9]","[11, 21]",0.2,14.0,11.0
120,"[2, 20]","[15, 3]",0.2,22.0,-6.0
121,"[10, 8]","[18, 0]",0.2,11.0,-4.0
122,"[27, 0]","[17, 19]",0.2,23.0,11.0
123,"[22, 29]","[2, 15]",0.2,25.0,-4.0
124,"[0, 10]","[10, 2]",0.2,11.0,14.0
125,"[1, 23]","[12, 25]",0.2,13.0,11.0
126,"[27, 14]","[12, 25]",0.2,21.0,2.0
127,"[22, 14]","[8, 27]",0.2,24.0,10.0
128,"[24, 28]","[6, 7]",0.2,32.0,7.0
129,"[18, 10]","[21, 1]",0.2,10.0,-13.0
130,"[7, 28]","[22, 22]",0.2,18.0,10.0
131,"[4, 1]","[12, 23]",0.2,26.0,11.0
132,"[29, 9]","[20, 11]",0.2,9.0,-2.0
133,"[5, 18]","[14, 12]",0.2,11.0,5.0
134,"[28, 28]","[10, 15]",0.2,24.0,-9.0
135,"[19, 4]","[2, 3]",0.2,19.0,-3.0
136,"[14, 5]","[6, 26]",0.2,29.0,13.0
137,"[17, 21]","[6, 6]",0.2,23.0,-12.0
138,"[15, 2]","[14, 15]",0.2,14.0,-9.0
139,"[28, 13]","[16, 5]",0.2,17.0,-5.0
140,"[28, 13]","[10, 7]",0.2,20.0,-13.0
141,"[26, 6]","[5, 0]",0.2,23.0,11.0
142,"[18, 24]","[26, 1]",0.2,28.0,-2.0
143,"[17, 3]","[1, 17]",0.2,25.0,9.0
144,"[21, 9]","[22, 16]",0.2,12.0,-12.0
145,"[15, 5]","[27, 1]",0.2,12.0,17.0
146,"[5, 28]","[6, 28]",0.2,1.0,3.0
147,"[6, 5]","[25, 18]",0.2,30.0,7.0
148,"[24, 14]","[19, 29]",0.2,16.0,2.0
149,"[22, 18]","[27, 20]",0.2,6.0,4.0
150,"[6, 10]","[8, 1]",0.3,10.0,-6.0
151,"[19, 15]","[8, 12]",0.3,16.0,-8.0
152,"[9, 10]","[10, 4]",0.3,8.0,-10.0
153,"[24, 18]","[24, 11]",0.3,7.0,3.0
154,"[28, 1]","[21, 20]",0.3,24.0,6.0
155,"[3, 19]","[2, 25]",0.3,6.0,-18.0
156,"[10, 24]","[3, 25]",0.3,10.0,0.0
157,"[16, 13]","[15, 27]",0.3,17.0,2.0
158,"[8, 1]","[1, 19]",0.3,27.0,-9.0
159,"[9, 28]","[20, 29]",0.3,18.0,-12.0
160,"[15, 22]","[4, 11]",0.3,22.0,-3.0
161,"[11, 21]","[26, 10]",0.3,19.0,-13.0
162,"[15, 0]","[10, 29]",0.3,44.0,-14.0
163,"[23, 9]","[26, 6]",0.3,3.0,-10.0
164,"[24, 9]","[23, 5]",0.3,8.0,3.0
165,"[27, 2]","[15, 16]",0.3,33.0,-16.0
166,"[9, 18]","[13, 27]",0.3,26.0,1.0
167,"[20, 26]","[1, 17]",0.3,29.0,0.0
168,"[29, 29]","[23, 12]",0.3,21.0,0.0
169,"[1, 9]","[11, 21]",0.3,21.0,11.0
170,"[2, 20]","[15, 3]",0.3,28.0,-6.0
171,"[10, 8]","[18, 0]",0.3,11.0,-4.0
172,"[27, 0]","[17, 19]",0.3,27.0,11.0
173,"[22, 29]","[2, 15]",0.3,27.0,-4.0
174,"[0, 10]","[10, 2]",0.3,16.0,14.0
175,"[1, 23]","[12, 25]",0.3,13.0,11.0
176,"[27, 14]","[12, 25]",0.3,27.0,2.0
177,"[22, 14]","[8, 27]",0.3,25.0,10.0
178,"[24, 28]","[6, 7]",0.3,40.0,7.0
179,"[18, 10]","[21, 1]",0.3,18.0,-13.0
180,"[7, 28]","[22, 22]",0.3,27.0,10.0
181,"[4, 1]","[12, 23]",0.3,28.0,11.0
182,"[29, 9]","[20, 11]",0.3,9.0,-2.0
183,"[5, 18]","[14, 12]",0.3,18.0,5.0
184,"[28, 28]","[10, 15]",0.3,27.0,-9.0
185,"[19, 4]","[2, 3]",0.3,34.0,-3.0
186,"[14, 5]","[6, 26]",0.3,31.0,13.0
187,"[17, 21]","[6, 6]",0.3,31.0,-12.0
188,"[15, 2]","[14, 15]",0.3,,
189,"[28, 13]","[16, 5]",0.3,21.0,-5.0
190,"[28, 13]","[10, 7]",0.3,24.0,-13.0
191,"[26, 6]","[5, 0]",0.3,27.0,11.0
192,"[18, 24]","[26, 1]",0.3,29.0,-2.0
193,"[17, 3]","[1, 17]",0.3,33.0,9.0
194,"[21, 9]","[22, 16]",0.3,33.0,-12.0
195,"[15, 5]","[27, 1]",0.3,17.0,17.0
196,"[5, 28]","[6, 28]",0.3,1.0,3.0
197,"[6, 5]","[25, 18]",0.3,54.0,7.0
198,"[24, 14]","[19, 29]",0.3,17.0,2.0
199,"[22, 18]","[27, 20]",0.3,6.0,4.0
200,"[6, 10]","[8, 1]",0.4,24.0,-6.0
201,"[19, 15]","[8, 12]",0.4,17.0,-8.0
202,"[9, 10]","[10, 4]",0.4,8.0,-10.0
203,"[24, 18]","[24, 11]",0.4,7.0,3.0
204,"[28, 1]","[21, 20]",0.4,29.0,6.0
205,"[3, 19]","[2, 25]",0.4,7.0,-18.0
206,"[10, 24]","[3, 25]",0.4,18.0,0.0
207,"[16, 13]","[15, 27]",0.4,17.0,2.0
208,"[8, 1]","[1, 19]",0.4,27.0,-9.0
209,"[9, 28]","[20, 29]",0.4,20.0,-12.0
210,"[15, 22]","[4, 11]",0.4,35.0,-3.0
211,"[11, 21]","[26, 10]",0.4,21.0,-13.0
212,"[15, 0]","[10, 29]",0.4,57.0,-14.0
213,"[23, 9]","[26, 6]",0.4,3.0,-10.0
214,"[24, 9]","[23, 5]",0.4,8.0,3.0
215,"[27, 2]","[15, 16]",0.4,111.0,-16.0
216,"[9, 18]","[13, 27]",0.4,42.0,1.0
217,"[20, 26]","[1, 17]",0.4,29.0,0.0
218,"[29, 29]","[23, 12]",0.4,26.0,0.0
219,"[1, 9]","[11, 21]",0.4,23.0,11.0
220,"[2, 20]","[15, 3]",0.4,30.0,-6.0
221,"[10, 8]","[18, 0]",0.4,16.0,-4.0
222,"[27, 0]","[17, 19]",0.4,,
223,"[22, 29]","[2, 15]",0.4,40.0,-4.0
224,"[0, 10]","[10, 2]",0.4,16.0,14.0
225,"[1, 23]","[12, 25]",0.4,22.0,11.0
226,"[27, 14]","[12, 25]",0.4,38.0,2.0
227,"[22, 14]","[8, 27]",0.4,48.0,10.0
228,"[24, 28]","[6, 7]",0.4,49.0,7.0
229,"[18, 10]","[21, 1]",0.4,34.0,-13.0
230,"[7, 28]","[22, 22]",0.4,40.0,10.0
231,"[4, 1]","[12, 23]",0.4,41.0,11.0
232,"[29, 9]","[20, 11]",0.4,32.0,-2.0
233,"[5, 18]","[14, 12]",0.4,18.0,5.0
234,"[28, 28]","[10, 15]",0.4,56.0,-9.0
235,"[19, 4]","[2, 3]",0.4,108.0,-3.0
236,"[14, 5]","[6, 26]",0.4,32.0,13.0
237,"[17, 21]","[6, 6]",0.4,32.0,-12.0
238,"[15, 2]","[14, 15]",0.4,65.0,-9.0
239,"[28, 13]","[16, 5]",0.4,26.0,-5.0
240,"[28, 13]","[10, 7]",0.4,29.0,-13.0
241,"[26, 6]","[5, 0]",0.4,37.0,11.0
242,"[18, 24]","[26, 1]",0.4,34.0,-2.0
243,"[17, 3]","[1, 17]",0.4,34.0,9.0
244,"[21, 9]","[22, 16]",0.4,17.0,-12.0
245,"[15, 5]","[27, 1]",0.4,17.0,17.0
246,"[5, 28]","[6, 28]",0.4,1.0,3.0
247,"[6, 5]","[25, 18]",0.4,36.0,7.0
248,"[24, 14]","[19, 29]",0.4,23.0,2.0
249,"[22, 18]","[27, 20]",0.4,7.0,4.0
250,"[6, 10]","[8, 1]",0.5,32.0,-6.0
251,"[19, 15]","[8, 12]",0.5,18.0,-8.0
252,"[9, 10]","[10, 4]",0.5,9.0,-10.0
253,"[24, 18]","[24, 11]",0.5,7.0,3.0
254,"[28, 1]","[21, 20]",0.5,29.0,6.0
255,"[3, 19]","[2, 25]",0.5,7.0,-18.0
256,"[10, 24]","[3, 25]",0.5,18.0,0.0
257,"[16, 13]","[15, 27]",0.5,30.0,2.0
258,"[8, 1]","[1, 19]",0.5,37.0,-9.0
259,"[9, 28]","[20, 29]",0.5,28.0,-12.0
260,"[15, 22]","[4, 11]",0.5,35.0,-3.0
261,"[11, 21]","[26, 10]",0.5,59.0,-13.0
262,"[15, 0]","[10, 29]",0.5,115.0,-14.0
263,"[23, 9]","[26, 6]",0.5,3.0,-10.0
264,"[24, 9]","[23, 5]",0.5,29.0,3.0
265,"[27, 2]","[15, 16]",0.5,60.0,-16.0
266,"[9, 18]","[13, 27]",0.5,83.0,1.0
267,"[20, 26]","[1, 17]",0.5,35.0,0.0
268,"[29, 29]","[23, 12]",0.5,25.0,0.0
269,"[1, 9]","[11, 21]",0.5,38.0,11.0
270,"[2, 20]","[15, 3]",0.5,30.0,-6.0
271,"[10, 8]","[18, 0]",0.5,18.0,-4.0
272,"[27, 0]","[17, 19]",0.5,89.0,11.0
273,"[22, 29]","[2, 15]",0.5,40.0,-4.0
274,"[0, 10]","[10, 2]",0.5,18.0,14.0
275,"[1, 23]","[12, 25]",0.5,30.0,11.0
276,"[27, 14]","[12, 25]",0.5,80.0,2.0
277,"[22, 14]","[8, 27]",0.5,50.0,10.0
278,"[24, 28]","[6, 7]",0.5,43.0,7.0
279,"[18, 10]","[21, 1]",0.5,,
280,"[7, 28]","[22, 22]",0.5,50.0,10.0
281,"[4, 1]","[12, 23]",0.5,52.0,11.0
282,"[29, 9]","[20, 11]",0.5,38.0,-2.0
283,"[5, 18]","[14, 12]",0.5,18.0,5.0
284,"[28, 28]","[10, 15]",0.5,60.0,-9.0
285,"[19, 4]","[2, 3]",0.5,40.0,-3.0
286,"[14, 5]","[6, 26]",0.5,32.0,13.0
287,"[17, 21]","[6, 6]",0.5,32.0,-12.0
288,"[15, 2]","[14, 15]",0.5,,
289,"[28, 13]","[16, 5]",0.5,27.0,-5.0
290,"[28, 13]","[10, 7]",0.5,35.0,-13.0
291,"[26, 6]","[5, 0]",0.5,89.0,11.0
292,"[18, 24]","[26, 1]",0.5,40.0,-2.0
293,"[17, 3]","[1, 17]",0.5,48.0,9.0
294,"[21, 9]","[22, 16]",0.5,17.0,-12.0
295,"[15, 5]","[27, 1]",0.5,47.0,17.0
296,"[5, 28]","[6, 28]",0.5,1.0,3.0
297,"[6, 5]","[25, 18]",0.5,36.0,7.0
298,"[24, 14]","[19, 29]",0.5,24.0,2.0
299,"[22, 18]","[27, 20]",0.5,7.0,4.0
300,"[6, 10]","[8, 1]",0.6,35.0,-6.0
301,"[19, 15]","[8, 12]",0.6,18.0,-8.0
302,"[9, 10]","[10, 4]",0.6,9.0,-10.0
303,"[24, 18]","[24, 11]",0.6,7.0,3.0
304,"[28, 1]","[21, 20]",0.6,29.0,6.0
305,"[3, 19]","[2, 25]",0.6,16.0,-18.0
306,"[10, 24]","[3, 25]",0.6,19.0,0.0
307,"[16, 13]","[15, 27]",0.6,71.0,2.0
308,"[8, 1]","[1, 19]",0.6,37.0,-9.0
309,"[9, 28]","[20, 29]",0.6,28.0,-12.0
310,"[15, 22]","[4, 11]",0.6,50.0,-3.0
311,"[11, 21]","[26, 10]",0.6,,
312,"[15, 0]","[10, 29]",0.6,,
313,"[23, 9]","[26, 6]",0.6,3.0,-10.0
314,"[24, 9]","[23, 5]",0.6,29.0,3.0
315,"[27, 2]","[15, 16]",0.6,64.0,-16.0
316,"[9, 18]","[13, 27]",0.6,75.0,1.0
317,"[20, 26]","[1, 17]",0.6,35.0,0.0
318,"[29, 29]","[23, 12]",0.6,25.0,0.0
319,"[1, 9]","[11, 21]",0.6,38.0,11.0
320,"[2, 20]","[15, 3]",0.6,40.0,-6.0
321,"[10, 8]","[18, 0]",0.6,20.0,-4.0
322,"[27, 0]","[17, 19]",0.6,124.0,11.0
323,"[22, 29]","[2, 15]",0.6,32.0,-4.0
324,"[0, 10]","[10, 2]",0.6,28.0,14.0
325,"[1, 23]","[12, 25]",0.6,61.0,11.0
326,"[27, 14]","[12, 25]",0.6,,
327,"[22, 14]","[8, 27]",0.6,56.0,10.0
328,"[24, 28]","[6, 7]",0.6,49.0,7.0
329,"[18, 10]","[21, 1]",0.6,,
330,"[7, 28]","[22, 22]",0.6,84.0,10.0
331,"[4, 1]","[12, 23]",0.6,122.0,11.0
332,"[29, 9]","[20, 11]",0.6,38.0,-2.0
333,"[5, 18]","[14, 12]",0.6,35.0,5.0
334,"[28, 28]","[10, 15]",0.6,59.0,-9.0
335,"[19, 4]","[2, 3]",0.6,122.0,-3.0
336,"[14, 5]","[6, 26]",0.6,36.0,13.0
337,"[17, 21]","[6, 6]",0.6,59.0,-12.0
338,"[15, 2]","[14, 15]",0.6,36.0,-9.0
339,"[28, 13]","[16, 5]",0.6,27.0,-5.0
340,"[28, 13]","[10, 7]",0.6,37.0,-13.0
341,"[26, 6]","[5, 0]",0.6,89.0,11.0
342,"[18, 24]","[26, 1]",0.6,88.0,-2.0
343,"[17, 3]","[1, 17]",0.6,43.0,9.0
344,"[21, 9]","[22, 16]",0.6,56.0,-12.0
345,"[15, 5]","[27, 1]",0.6,38.0,17.0
346,"[5, 28]","[6, 28]",0.6,1.0,3.0
347,"[6, 5]","[25, 18]",0.6,51.0,7.0
348,"[24, 14]","[19, 29]",0.6,22.0,2.0
349,"[22, 18]","[27, 20]",0.6,7.0,4.0
350,"[6, 10]","[8, 1]",0.7,31.0,-6.0
351,"[19, 15]","[8, 12]",0.7,20.0,-8.0
352,"[9, 10]","[10, 4]",0.7,23.0,-10.0
353,"[24, 18]","[24, 11]",0.7,55.0,3.0
354,"[28, 1]","[21, 20]",0.7,31.0,6.0
355,"[3, 19]","[2, 25]",0.7,16.0,-18.0
356,"[10, 24]","[3, 25]",0.7,19.0,0.0
357,"[16, 13]","[15, 27]",0.7,68.0,2.0
358,"[8, 1]","[1, 19]",0.7,62.0,-9.0
359,"[9, 28]","[20, 29]",0.7,118.0,-12.0
360,"[15, 22]","[4, 11]",0.7,102.0,-3.0
361,"[11, 21]","[26, 10]",0.7,68.0,-13.0
362,"[15, 0]","[10, 29]",0.7,,
363,"[23, 9]","[26, 6]",0.7,3.0,-10.0
364,"[24, 9]","[23, 5]",0.7,29.0,3.0
365,"[27, 2]","[15, 16]",0.7,64.0,-16.0
366,"[9, 18]","[13, 27]",0.7,,
367,"[20, 26]","[1, 17]",0.7,35.0,0.0
368,"[29, 29]","[23, 12]",0.7,25.0,0.0
369,"[1, 9]","[11, 21]",0.7,52.0,11.0
370,"[2, 20]","[15, 3]",0.7,40.0,-6.0
371,"[10, 8]","[18, 0]",0.7,20.0,-4.0
372,"[27, 0]","[17, 19]",0.7,131.0,11.0
373,"[22, 29]","[2, 15]",0.7,32.0,-4.0
374,"[0, 10]","[10, 2]",0.7,28.0,14.0
375,"[1, 23]","[12, 25]",0.7,61.0,11.0
376,"[27, 14]","[12, 25]",0.7,138.0,2.0
377,"[22, 14]","[8, 27]",0.7,56.0,10.0
378,"[24, 28]","[6, 7]",0.7,58.0,7.0
379,"[18, 10]","[21, 1]",0.7,,
380,"[7, 28]","[22, 22]",0.7,50.0,10.0
381,"[4, 1]","[12, 23]",0.7,137.0,11.0
382,"[29, 9]","[20, 11]",0.7,41.0,-2.0
383,"[5, 18]","[14, 12]",0.7,42.0,5.0
384,"[28, 28]","[10, 15]",0.7,58.0,-9.0
385,"[19, 4]","[2, 3]",0.7,129.0,-3.0
386,"[14, 5]","[6, 26]",0.7,89.0,13.0
387,"[17, 21]","[6, 6]",0.7,112.0,-12.0
388,"[15, 2]","[14, 15]",0.7,104.0,-9.0
389,"[28, 13]","[16, 5]",0.7,30.0,-5.0
390,"[28, 13]","[10, 7]",0.7,92.0,-13.0
391,"[26, 6]","[5, 0]",0.7,88.0,11.0
392,"[18, 24]","[26, 1]",0.7,58.0,-2.0
393,"[17, 3]","[1, 17]",0.7,58.0,9.0
394,"[21, 9]","[22, 16]",0.7,56.0,-12.0
395,"[15, 5]","[27, 1]",0.7,38.0,17.0
396,"[5, 28]","[6, 28]",0.7,1.0,3.0
397,"[6, 5]","[25, 18]",0.7,96.0,7.0
398,"[24, 14]","[19, 29]",0.7,24.0,2.0
399,"[22, 18]","[27, 20]",0.7,7.0,4.0
400,"[6, 10]","[8, 1]",0.8,31.0,-6.0
401,"[19, 15]","[8, 12]",0.8,21.0,-8.0
402,"[9, 10]","[10, 4]",0.8,23.0,-10.0
403,"[24, 18]","[24, 11]",0.8,55.0,3.0
404,"[28, 1]","[21, 20]",0.8,64.0,6.0
405,"[3, 19]","[2, 25]",0.8,,
406,"[10, 24]","[3, 25]",0.8,18.0,0.0
407,"[16, 13]","[15, 27]",0.8,,
408,"[8, 1]","[1, 19]",0.8,62.0,-9.0
409,"[9, 28]","[20, 29]",0.8,150.0,-12.0
410,"[15, 22]","[4, 11]",0.8,102.0,-3.0
411,"[11, 21]","[26, 10]",0.8,70.0,-13.0
412,"[15, 0]","[10, 29]",0.8,141.0,-14.0
413,"[23, 9]","[26, 6]",0.8,17.0,-10.0
414,"[24, 9]","[23, 5]",0.8,29.0,3.0
415,"[27, 2]","[15, 16]",0.8,65.0,-16.0
416,"[9, 18]","[13, 27]",0.8,,
417,"[20, 26]","[1, 17]",0.8,38.0,0.0
418,"[29, 29]","[23, 12]",0.8,25.0,0.0
419,"[1, 9]","[11, 21]",0.8,52.0,11.0
420,"[2, 20]","[15, 3]",0.8,35.0,-6.0
421,"[10, 8]","[18, 0]",0.8,19.0,-4.0
422,"[27, 0]","[17, 19]",0.8,88.0,11.0
423,"[22, 29]","[2, 15]",0.8,56.0,-4.0
424,"[0, 10]","[10, 2]",0.8,30.0,14.0
425,"[1, 23]","[12, 25]",0.8,61.0,11.0
426,"[27, 14]","[12, 25]",0.8,138.0,2.0
427,"[22, 14]","[8, 27]",0.8,57.0,10.0
428,"[24, 28]","[6, 7]",0.8,58.0,7.0
429,"[18, 10]","[21, 1]",0.8,,
430,"[7, 28]","[22, 22]",0.8,50.0,10.0
431,"[4, 1]","[12, 23]",0.8,126.0,11.0
432,"[29, 9]","[20, 11]",0.8,,
433,"[5, 18]","[14, 12]",0.8,242.0,5.0
434,"[28, 28]","[10, 15]",0.8,58.0,-9.0
435,"[19, 4]","[2, 3]",0.8,129.0,-3.0
436,"[14, 5]","[6, 26]",0.8,43.0,13.0
437,"[17, 21]","[6, 6]",0.8,,
438,"[15, 2]","[14, 15]",0.8,104.0,-9.0
439,"[28, 13]","[16, 5]",0.8,30.0,-5.0
440,"[28, 13]","[10, 7]",0.8,93.0,-13.0
441,"[26, 6]","[5, 0]",0.8,,
442,"[18, 24]","[26, 1]",0.8,58.0,-2.0
443,"[17, 3]","[1, 17]",0.8,59.0,9.0
444,"[21, 9]","[22, 16]",0.8,65.0,-12.0
445,"[15, 5]","[27, 1]",0.8,38.0,17.0
446,"[5, 28]","[6, 28]",0.8,1.0,3.0
447,"[6, 5]","[25, 18]",0.8,98.0,7.0
448,"[24, 14]","[19, 29]",0.8,24.0,2.0
449,"[22, 18]","[27, 20]",0.8,7.0,4.0
450,"[6, 10]","[8, 1]",0.9,31.0,-6.0
451,"[19, 15]","[8, 12]",0.9,21.0,-8.0
452,"[9, 10]","[10, 4]",0.9,23.0,-10.0
453,"[24, 18]","[24, 11]",0.9,80.0,3.0
454,"[28, 1]","[21, 20]",0.9,64.0,6.0
455,"[3, 19]","[2, 25]",0.9,,
456,"[10, 24]","[3, 25]",0.9,18.0,0.0
457,"[16, 13]","[15, 27]",0.9,,
458,"[8, 1]","[1, 19]",0.9,62.0,-9.0
459,"[9, 28]","[20, 29]",0.9,161.0,-12.0
460,"[15, 22]","[4, 11]",0.9,124.0,-3.0
461,"[11, 21]","[26, 10]",0.9,70.0,-13.0
462,"[15, 0]","[10, 29]",0.9,74.0,-14.0
463,"[23, 9]","[26, 6]",0.9,17.0,-10.0
464,"[24, 9]","[23, 5]",0.9,29.0,3.0
465,"[27, 2]","[15, 16]",0.9,63.0,-16.0
466,"[9, 18]","[13, 27]",0.9,,
467,"[20, 26]","[1, 17]",0.9,38.0,0.0
468,"[29, 29]","[23, 12]",0.9,88.0,0.0
469,"[1, 9]","[11, 21]",0.9,60.0,11.0
470,"[2, 20]","[15, 3]",0.9,35.0,-6.0
471,"[10, 8]","[18, 0]",0.9,19.0,-4.0
472,"[27, 0]","[17, 19]",0.9,56.0,11.0
473,"[22, 29]","[2, 15]",0.9,61.0,-4.0
474,"[0, 10]","[10, 2]",0.9,30.0,14.0
475,"[1, 23]","[12, 25]",0.9,61.0,11.0
476,"[27, 14]","[12, 25]",0.9,121.0,2.0
477,"[22, 14]","[8, 27]",0.9,,
478,"[24, 28]","[6, 7]",0.9,58.0,7.0
479,"[18, 10]","[21, 1]",0.9,140.0,-13.0
480,"[7, 28]","[22, 22]",0.9,69.0,10.0
481,"[4, 1]","[12, 23]",0.9,137.0,11.0
482,"[29, 9]","[20, 11]",0.9,,
483,"[5, 18]","[14, 12]",0.9,139.0,5.0
484,"[28, 28]","[10, 15]",0.9,58.0,-9.0
485,"[19, 4]","[2, 3]",0.9,53.0,-3.0
486,"[14, 5]","[6, 26]",0.9,44.0,13.0
487,"[17, 21]","[6, 6]",0.9,,
488,"[15, 2]","[14, 15]",0.9,106.0,-9.0
489,"[28, 13]","[16, 5]",0.9,30.0,-5.0
490,"[28, 13]","[10, 7]",0.9,93.0,-13.0
491,"[26, 6]","[5, 0]",0.9,99.0,11.0
492,"[18, 24]","[26, 1]",0.9,58.0,-2.0
493,"[17, 3]","[1, 17]",0.9,59.0,9.0
494,"[21, 9]","[22, 16]",0.9,84.0,-12.0
495,"[15, 5]","[27, 1]",0.9,,
496,"[5, 28]","[6, 28]",0.9,1.0,3.0
497,"[6, 5]","[25, 18]",0.9,113.0,7.0
498,"[24, 14]","[19, 29]",0.9,63.0,2.0
499,"[22, 18]","[27, 20]",0.9,7.0,4.0
500,"[6, 10]","[8, 1]",1.0,31.0,-6.0
501,"[19, 15]","[8, 12]",1.0,21.0,-8.0
502,"[9, 10]","[10, 4]",1.0,,
503,"[24, 18]","[24, 11]",1.0,80.0,3.0
504,"[28, 1]","[21, 20]",1.0,63.0,6.0
505,"[3, 19]","[2, 25]",1.0,66.0,-18.0
506,"[10, 24]","[3, 25]",1.0,18.0,0.0
507,"[16, 13]","[15, 27]",1.0,,
508,"[8, 1]","[1, 19]",1.0,29.0,-9.0
509,"[9, 28]","[20, 29]",1.0,162.0,-12.0
510,"[15, 22]","[4, 11]",1.0,124.0,-3.0
511,"[11, 21]","[26, 10]",1.0,70.0,-13.0
512,"[15, 0]","[10, 29]",1.0,75.0,-14.0
513,"[23, 9]","[26, 6]",1.0,17.0,-10.0
514,"[24, 9]","[23, 5]",1.0,27.0,3.0
515,"[27, 2]","[15, 16]",1.0,63.0,-16.0
516,"[9, 18]","[13, 27]",1.0,,
517,"[20, 26]","[1, 17]",1.0,38.0,0.0
518,"[29, 29]","[23, 12]",1.0,88.0,0.0
519,"[1, 9]","[11, 21]",1.0,62.0,11.0
520,"[2, 20]","[15, 3]",1.0,242.0,-6.0
521,"[10, 8]","[18, 0]",1.0,51.0,-4.0
522,"[27, 0]","[17, 19]",1.0,58.0,11.0
523,"[22, 29]","[2, 15]",1.0,62.0,-4.0
524,"[0, 10]","[10, 2]",1.0,30.0,14.0
525,"[1, 23]","[12, 25]",1.0,,
526,"[27, 14]","[12, 25]",1.0,,
527,"[22, 14]","[8, 27]",1.0,63.0,10.0
528,"[24, 28]","[6, 7]",1.0,70.0,7.0
529,"[18, 10]","[21, 1]",1.0,,
530,"[7, 28]","[22, 22]",1.0,,
531,"[4, 1]","[12, 23]",1.0,148.0,11.0
532,"[29, 9]","[20, 11]",1.0,83.0,-2.0
533,"[5, 18]","[14, 12]",1.0,148.0,5.0
534,"[28, 28]","[10, 15]",1.0,65.0,-9.0
535,"[19, 4]","[2, 3]",1.0,,
536,"[14, 5]","[6, 26]",1.0,44.0,13.0
537,"[17, 21]","[6, 6]",1.0,247.0,-12.0
538,"[15, 2]","[14, 15]",1.0,138.0,-9.0
539,"[28, 13]","[16, 5]",1.0,81.0,-5.0
540,"[28, 13]","[10, 7]",1.0,39.0,-13.0
541,"[26, 6]","[5, 0]",1.0,,
542,"[18, 24]","[26, 1]",1.0,60.0,-2.0
543,"[17, 3]","[1, 17]",1.0,60.0,9.0
544,"[21, 9]","[22, 16]",1.0,89.0,-12.0
545,"[15, 5]","[27, 1]",1.0,,
546,"[5, 28]","[6, 28]",1.0,1.0,3.0
547,"[6, 5]","[25, 18]",1.0,113.0,7.0
548,"[24, 14]","[19, 29]",1.0,,
549,"[22, 18]","[27, 20]",1.0,7.0,4.0
550,"[6, 10]","[8, 1]",1.1,31.0,-6.0
551,"[19, 15]","[8, 12]",1.1,21.0,-8.0
552,"[9, 10]","[10, 4]",1.1,,
553,"[24, 18]","[24, 11]",1.1,115.0,3.0
554,"[28, 1]","[21, 20]",1.1,64.0,6.0
555,"[3, 19]","[2, 25]",1.1,66.0,-18.0
556,"[10, 24]","[3, 25]",1.1,19.0,0.0
557,"[16, 13]","[15, 27]",1.1,,
558,"[8, 1]","[1, 19]",1.1,93.0,-9.0
559,"[9, 28]","[20, 29]",1.1,162.0,-12.0
560,"[15, 22]","[4, 11]",1.1,128.0,-3.0
561,"[11, 21]","[26, 10]",1.1,79.0,-13.0
562,"[15, 0]","[10, 29]",1.1,75.0,-14.0
563,"[23, 9]","[26, 6]",1.1,17.0,-10.0
564,"[24, 9]","[23, 5]",1.1,27.0,3.0
565,"[27, 2]","[15, 16]",1.1,63.0,-16.0
566,"[9, 18]","[13, 27]",1.1,,
567,"[20, 26]","[1, 17]",1.1,38.0,0.0
568,"[29, 29]","[23, 12]",1.1,122.0,0.0
569,"[1, 9]","[11, 21]",1.1,62.0,11.0
570,"[2, 20]","[15, 3]",1.1,,
571,"[10, 8]","[18, 0]",1.1,,
572,"[27, 0]","[17, 19]",1.1,58.0,11.0
573,"[22, 29]","[2, 15]",1.1,62.0,-4.0
574,"[0, 10]","[10, 2]",1.1,,
575,"[1, 23]","[12, 25]",1.1,75.0,11.0
576,"[27, 14]","[12, 25]",1.1,136.0,2.0
577,"[22, 14]","[8, 27]",1.1,63.0,10.0
578,"[24, 28]","[6, 7]",1.1,66.0,7.0
579,"[18, 10]","[21, 1]",1.1,,
580,"[7, 28]","[22, 22]",1.1,129.0,10.0
581,"[4, 1]","[12, 23]",1.1,152.0,11.0
582,"[29, 9]","[20, 11]",1.1,113.0,-2.0
583,"[5, 18]","[14, 12]",1.1,148.0,5.0
584,"[28, 28]","[10, 15]",1.1,65.0,-9.0
585,"[19, 4]","[2, 3]",1.1,,
586,"[14, 5]","[6, 26]",1.1,44.0,13.0
587,"[17, 21]","[6, 6]",1.1,,
588,"[15, 2]","[14, 15]",1.1,153.0,-9.0
589,"[28, 13]","[16, 5]",1.1,30.0,-5.0
590,"[28, 13]","[10, 7]",1.1,39.0,-13.0
591,"[26, 6]","[5, 0]",1.1,,
592,"[18, 24]","[26, 1]",1.1,69.0,-2.0
593,"[17, 3]","[1, 17]",1.1,60.0,9.0
594,"[21, 9]","[22, 16]",1.1,89.0,-12.0
595,"[15, 5]","[27, 1]",1.1,,
596,"[5, 28]","[6, 28]",1.1,1.0,3.0
597,"[6, 5]","[25, 18]",1.1,113.0,7.0
598,"[24, 14]","[19, 29]",1.1,,
599,"[22, 18]","[27, 20]",1.1,15.0,4.0
600,"[6, 10]","[8, 1]",1.2,,
601,"[19, 15]","[8, 12]",1.2,21.0,-8.0
602,"[9, 10]","[10, 4]",1.2,,
603,"[24, 18]","[24, 11]",1.2,115.0,3.0
604,"[28, 1]","[21, 20]",1.2,66.0,6.0
605,"[3, 19]","[2, 25]",1.2,64.0,-18.0
606,"[10, 24]","[3, 25]",1.2,19.0,0.0
607,"[16, 13]","[15, 27]",1.2,,
608,"[8, 1]","[1, 19]",1.2,100.0,-9.0
609,"[9, 28]","[20, 29]",1.2,162.0,-12.0
610,"[15, 22]","[4, 11]",1.2,123.0,-3.0
611,"[11, 21]","[26, 10]",1.2,79.0,-13.0
612,"[15, 0]","[10, 29]",1.2,75.0,-14.0
613,"[23, 9]","[26, 6]",1.2,17.0,-10.0
614,"[24, 9]","[23, 5]",1.2,27.0,3.0
615,"[27, 2]","[15, 16]",1.2,63.0,-16.0
616,"[9, 18]","[13, 27]",1.2,,
617,"[20, 26]","[1, 17]",1.2,62.0,0.0
618,"[29, 29]","[23, 12]",1.2,169.0,0.0
619,"[1, 9]","[11, 21]",1.2,62.0,11.0
620,"[2, 20]","[15, 3]",1.2,,
621,"[10, 8]","[18, 0]",1.2,,
622,"[27, 0]","[17, 19]",1.2,57.0,11.0
623,"[22, 29]","[2, 15]",1.2,62.0,-4.0
624,"[0, 10]","[10, 2]",1.2,,
625,"[1, 23]","[12, 25]",1.2,75.0,11.0
626,"[27, 14]","[12, 25]",1.2,136.0,2.0
627,"[22, 14]","[8, 27]",1.2,65.0,10.0
628,"[24, 28]","[6, 7]",1.2,66.0,7.0
629,"[18, 10]","[21, 1]",1.2,,
630,"[7, 28]","[22, 22]",1.2,133.0,10.0
631,"[4, 1]","[12, 23]",1.2,152.0,11.0
632,"[29, 9]","[20, 11]",1.2,251.0,-2.0
633,"[5, 18]","[14, 12]",1.2,,
634,"[28, 28]","[10, 15]",1.2,65.0,-9.0
635,"[19, 4]","[2, 3]",1.2,,
636,"[14, 5]","[6, 26]",1.2,44.0,13.0
637,"[17, 21]","[6, 6]",1.2,,
638,"[15, 2]","[14, 15]",1.2,157.0,-9.0
639,"[28, 13]","[16, 5]",1.2,,
640,"[28, 13]","[10, 7]",1.2,39.0,-13.0
641,"[26, 6]","[5, 0]",1.2,,
642,"[18, 24]","[26, 1]",1.2,69.0,-2.0
643,"[17, 3]","[1, 17]",1.2,84.0,9.0
644,"[21, 9]","[22, 16]",1.2,89.0,-12.0
645,"[15, 5]","[27, 1]",1.2,,
646,"[5, 28]","[6, 28]",1.2,1.0,3.0
647,"[6, 5]","[25, 18]",1.2,87.0,7.0
648,"[24, 14]","[19, 29]",1.2,30.0,2.0
649,"[22, 18]","[27, 20]",1.2,15.0,4.0
650,"[6, 10]","[8, 1]",1.3,,
651,"[19, 15]","[8, 12]",1.3,21.0,-8.0
652,"[9, 10]","[10, 4]",1.3,,
653,"[24, 18]","[24, 11]",1.3,235.0,3.0
654,"[28, 1]","[21, 20]",1.3,66.0,6.0
655,"[3, 19]","[2, 25]",1.3,64.0,-18.0
656,"[10, 24]","[3, 25]",1.3,19.0,0.0
657,"[16, 13]","[15, 27]",1.3,,
658,"[8, 1]","[1, 19]",1.3,100.0,-9.0
659,"[9, 28]","[20, 29]",1.3,162.0,-12.0
660,"[15, 22]","[4, 11]",1.3,123.0,-3.0
661,"[11, 21]","[26, 10]",1.3,79.0,-13.0
662,"[15, 0]","[10, 29]",1.3,75.0,-14.0
663,"[23, 9]","[26, 6]",1.3,17.0,-10.0
664,"[24, 9]","[23, 5]",1.3,27.0,3.0
665,"[27, 2]","[15, 16]",1.3,62.0,-16.0
666,"[9, 18]","[13, 27]",1.3,,
667,"[20, 26]","[1, 17]",1.3,46.0,0.0
668,"[29, 29]","[23, 12]",1.3,,
669,"[1, 9]","[11, 21]",1.3,62.0,11.0
670,"[2, 20]","[15, 3]",1.3,,
671,"[10, 8]","[18, 0]",1.3,,
672,"[27, 0]","[17, 19]",1.3,57.0,11.0
673,"[22, 29]","[2, 15]",1.3,62.0,-4.0
674,"[0, 10]","[10, 2]",1.3,,
675,"[1, 23]","[12, 25]",1.3,75.0,11.0
676,"[27, 14]","[12, 25]",1.3,135.0,2.0
677,"[22, 14]","[8, 27]",1.3,58.0,10.0
678,"[24, 28]","[6, 7]",1.3,66.0,7.0
679,"[18, 10]","[21, 1]",1.3,,
680,"[7, 28]","[22, 22]",1.3,132.0,10.0
681,"[4, 1]","[12, 23]",1.3,152.0,11.0
682,"[29, 9]","[20, 11]",1.3,235.0,-2.0
683,"[5, 18]","[14, 12]",1.3,,
684,"[28, 28]","[10, 15]",1.3,65.0,-9.0
685,"[19, 4]","[2, 3]",1.3,,
686,"[14, 5]","[6, 26]",1.3,44.0,13.0
687,"[17, 21]","[6, 6]",1.3,,
688,"[15, 2]","[14, 15]",1.3,,
689,"[28, 13]","[16, 5]",1.3,,
690,"[28, 13]","[10, 7]",1.3,39.0,-13.0
691,"[26, 6]","[5, 0]",1.3,,
692,"[18, 24]","[26, 1]",1.3,69.0,-2.0
693,"[17, 3]","[1, 17]",1.3,68.0,9.0
694,"[21, 9]","[22, 16]",1.3,89.0,-12.0
695,"[15, 5]","[27, 1]",1.3,,
696,"[5, 28]","[6, 28]",1.3,1.0,3.0
697,"[6, 5]","[25, 18]",1.3,130.0,7.0
698,"[24, 14]","[19, 29]",1.3,30.0,2.0
699,"[22, 18]","[27, 20]",1.3,15.0,4.0
700,"[6, 10]","[8, 1]",1.4,,
701,"[19, 15]","[8, 12]",1.4,21.0,-8.0
702,"[9, 10]","[10, 4]",1.4,,
703,"[24, 18]","[24, 11]",1.4,299.0,3.0
704,"[28, 1]","[21, 20]",1.4,66.0,6.0
705,"[3, 19]","[2, 25]",1.4,64.0,-18.0
706,"[10, 24]","[3, 25]",1.4,19.0,0.0
707,"[16, 13]","[15, 27]",1.4,,
708,"[8, 1]","[1, 19]",1.4,101.0,-9.0
709,"[9, 28]","[20, 29]",1.4,162.0,-12.0
710,"[15, 22]","[4, 11]",1.4,121.0,-3.0
711,"[11, 21]","[26, 10]",1.4,89.0,-13.0
712,"[15, 0]","[10, 29]",1.4,75.0,-14.0
713,"[23, 9]","[26, 6]",1.4,17.0,-10.0
714,"[24, 9]","[23, 5]",1.4,27.0,3.0
715,"[27, 2]","[15, 16]",1.4,62.0,-16.0
716,"[9, 18]","[13, 27]",1.4,,
717,"[20, 26]","[1, 17]",1.4,70.0,0.0
718,"[29, 29]","[23, 12]",1.4,,
719,"[1, 9]","[11, 21]",1.4,62.0,11.0
720,"[2, 20]","[15, 3]",1.4,,
721,"[10, 8]","[18, 0]",1.4,,
722,"[27, 0]","[17, 19]",1.4,57.0,11.0
723,"[22, 29]","[2, 15]",1.4,63.0,-4.0
724,"[0, 10]","[10, 2]",1.4,,
725,"[1, 23]","[12, 25]",1.4,75.0,11.0
726,"[27, 14]","[12, 25]",1.4,135.0,2.0
727,"[22, 14]","[8, 27]",1.4,65.0,10.0
728,"[24, 28]","[6, 7]",1.4,66.0,7.0
729,"[18, 10]","[21, 1]",1.4,,
730,"[7, 28]","[22, 22]",1.4,132.0,10.0
731,"[4, 1]","[12, 23]",1.4,152.0,11.0
732,"[29, 9]","[20, 11]",1.4,201.0,-2.0
733,"[5, 18]","[14, 12]",1.4,153.0,5.0
734,"[28, 28]","[10, 15]",1.4,65.0,-9.0
735,"[19, 4]","[2, 3]",1.4,,
736,"[14, 5]","[6, 26]",1.4,44.0,13.0
737,"[17, 21]","[6, 6]",1.4,,
738,"[15, 2]","[14, 15]",1.4,130.0,-9.0
739,"[28, 13]","[16, 5]",1.4,,
740,"[28, 13]","[10, 7]",1.4,39.0,-13.0
741,"[26, 6]","[5, 0]",1.4,,
742,"[18, 24]","[26, 1]",1.4,69.0,-2.0
743,"[17, 3]","[1, 17]",1.4,92.0,9.0
744,"[21, 9]","[22, 16]",1.4,88.0,-12.0
745,"[15, 5]","[27, 1]",1.4,,
746,"[5, 28]","[6, 28]",1.4,1.0,3.0
747,"[6, 5]","[25, 18]",1.4,,
748,"[24, 14]","[19, 29]",1.4,30.0,2.0
749,"[22, 18]","[27, 20]",1.4,15.0,4.0
750,"[6, 10]","[8, 1]",1.5,,
751,"[19, 15]","[8, 12]",1.5,21.0,-8.0
752,"[9, 10]","[10, 4]",1.5,,
753,"[24, 18]","[24, 11]",1.5,,
754,"[28, 1]","[21, 20]",1.5,66.0,6.0
755,"[3, 19]","[2, 25]",1.5,64.0,-18.0
756,"[10, 24]","[3, 25]",1.5,19.0,0.0
757,"[16, 13]","[15, 27]",1.5,,
758,"[8, 1]","[1, 19]",1.5,101.0,-9.0
759,"[9, 28]","[20, 29]",1.5,148.0,-12.0
760,"[15, 22]","[4, 11]",1.5,122.0,-3.0
761,"[11, 21]","[26, 10]",1.5,89.0,-13.0
762,"[15, 0]","[10, 29]",1.5,75.0,-14.0
763,"[23, 9]","[26, 6]",1.5,17.0,-10.0
764,"[24, 9]","[23, 5]",1.5,27.0,3.0
765,"[27, 2]","[15, 16]",1.5,62.0,-16.0
766,"[9, 18]","[13, 27]",1.5,,
767,"[20, 26]","[1, 17]",1.5,70.0,0.0
768,"[29, 29]","[23, 12]",1.5,,
769,"[1, 9]","[11, 21]",1.5,62.0,11.0
770,"[2, 20]","[15, 3]",1.5,,
771,"[10, 8]","[18, 0]",1.5,,
772,"[27, 0]","[17, 19]",1.5,57.0,11.0
773,"[22, 29]","[2, 15]",1.5,63.0,-4.0
774,"[0, 10]","[10, 2]",1.5,,
775,"[1, 23]","[12, 25]",1.5,102.0,11.0
776,"[27, 14]","[12, 25]",1.5,135.0,2.0
777,"[22, 14]","[8, 27]",1.5,138.0,10.0
778,"[24, 28]","[6, 7]",1.5,,
779,"[18, 10]","[21, 1]",1.5,,
780,"[7, 28]","[22, 22]",1.5,127.0,10.0
781,"[4, 1]","[12, 23]",1.5,152.0,11.0
782,"[29, 9]","[20, 11]",1.5,,
783,"[5, 18]","[14, 12]",1.5,153.0,5.0
784,"[28, 28]","[10, 15]",1.5,65.0,-9.0
785,"[19, 4]","[2, 3]",1.5,,
786,"[14, 5]","[6, 26]",1.5,45.0,13.0
787,"[17, 21]","[6, 6]",1.5,,
788,"[15, 2]","[14, 15]",1.5,204.0,-9.0
789,"[28, 13]","[16, 5]",1.5,,
790,"[28, 13]","[10, 7]",1.5,39.0,-13.0
791,"[26, 6]","[5, 0]",1.5,,
792,"[18, 24]","[26, 1]",1.5,69.0,-2.0
793,"[17, 3]","[1, 17]",1.5,92.0,9.0
794,"[21, 9]","[22, 16]",1.5,88.0,-12.0
795,"[15, 5]","[27, 1]",1.5,,
796,"[5, 28]","[6, 28]",1.5,1.0,3.0
797,"[6, 5]","[25, 18]",1.5,,
798,"[24, 14]","[19, 29]",1.5,30.0,2.0
799,"[22, 18]","[27, 20]",1.5,15.0,4.0
800,"[6, 10]","[8, 1]",1.6,,
801,"[19, 15]","[8, 12]",1.6,21.0,-8.0
802,"[9, 10]","[10, 4]",1.6,,
803,"[24, 18]","[24, 11]",1.6,147.0,3.0
804,"[28, 1]","[21, 20]",1.6,66.0,6.0
805,"[3, 19]","[2, 25]",1.6,64.0,-18.0
806,"[10, 24]","[3, 25]",1.6,19.0,0.0
807,"[16, 13]","[15, 27]",1.6,,
808,"[8, 1]","[1, 19]",1.6,77.0,-9.0
809,"[9, 28]","[20, 29]",1.6,148.0,-12.0
810,"[15, 22]","[4, 11]",1.6,122.0,-3.0
811,"[11, 21]","[26, 10]",1.6,,
812,"[15, 0]","[10, 29]",1.6,75.0,-14.0
813,"[23, 9]","[26, 6]",1.6,17.0,-10.0
814,"[24, 9]","[23, 5]",1.6,27.0,3.0
815,"[27, 2]","[15, 16]",1.6,62.0,-16.0
816,"[9, 18]","[13, 27]",1.6,,
817,"[20, 26]","[1, 17]",1.6,70.0,0.0
818,"[29, 29]","[23, 12]",1.6,,
819,"[1, 9]","[11, 21]",1.6,62.0,11.0
820,"[2, 20]","[15, 3]",1.6,,
821,"[10, 8]","[18, 0]",1.6,,
822,"[27, 0]","[17, 19]",1.6,57.0,11.0
823,"[22, 29]","[2, 15]",1.6,63.0,-4.0
824,"[0, 10]","[10, 2]",1.6,,
825,"[1, 23]","[12, 25]",1.6,102.0,11.0
826,"[27, 14]","[12, 25]",1.6,158.0,2.0
827,"[22, 14]","[8, 27]",1.6,138.0,10.0
828,"[24, 28]","[6, 7]",1.6,,
829,"[18, 10]","[21, 1]",1.6,,
830,"[7, 28]","[22, 22]",1.6,132.0,10.0
831,"[4, 1]","[12, 23]",1.6,152.0,11.0
832,"[29, 9]","[20, 11]",1.6,,
833,"[5, 18]","[14, 12]",1.6,153.0,5.0
834,"[28, 28]","[10, 15]",1.6,58.0,-9.0
835,"[19, 4]","[2, 3]",1.6,,
836,"[14, 5]","[6, 26]",1.6,45.0,13.0
837,"[17, 21]","[6, 6]",1.6,,
838,"[15, 2]","[14, 15]",1.6,204.0,-9.0
839,"[28, 13]","[16, 5]",1.6,,
840,"[28, 13]","[10, 7]",1.6,39.0,-13.0
841,"[26, 6]","[5, 0]",1.6,,
842,"[18, 24]","[26, 1]",1.6,69.0,-2.0
843,"[17, 3]","[1, 17]",1.6,92.0,9.0
844,"[21, 9]","[22, 16]",1.6,206.0,-12.0
845,"[15, 5]","[27, 1]",1.6,,
846,"[5, 28]","[6, 28]",1.6,1.0,3.0
847,"[6, 5]","[25, 18]",1.6,,
848,"[24, 14]","[19, 29]",1.6,,
849,"[22, 18]","[27, 20]",1.6,15.0,4.0
850,"[6, 10]","[8, 1]",1.7,,
851,"[19, 15]","[8, 12]",1.7,21.0,-8.0
852,"[9, 10]","[10, 4]",1.7,,
853,"[24, 18]","[24, 11]",1.7,69.0,3.0
854,"[28, 1]","[21, 20]",1.7,66.0,6.0
855,"[3, 19]","[2, 25]",1.7,64.0,-18.0
856,"[10, 24]","[3, 25]",1.7,171.0,0.0
857,"[16, 13]","[15, 27]",1.7,,
858,"[8, 1]","[1, 19]",1.7,77.0,-9.0
859,"[9, 28]","[20, 29]",1.7,148.0,-12.0
860,"[15, 22]","[4, 11]",1.7,122.0,-3.0
861,"[11, 21]","[26, 10]",1.7,,
862,"[15, 0]","[10, 29]",1.7,75.0,-14.0
863,"[23, 9]","[26, 6]",1.7,17.0,-10.0
864,"[24, 9]","[23, 5]",1.7,27.0,3.0
865,"[27, 2]","[15, 16]",1.7,62.0,-16.0
866,"[9, 18]","[13, 27]",1.7,83.0,1.0
867,"[20, 26]","[1, 17]",1.7,70.0,0.0
868,"[29, 29]","[23, 12]",1.7,,
869,"[1, 9]","[11, 21]",1.7,,
870,"[2, 20]","[15, 3]",1.7,,
871,"[10, 8]","[18, 0]",1.7,,
872,"[27, 0]","[17, 19]",1.7,57.0,11.0
873,"[22, 29]","[2, 15]",1.7,197.0,-4.0
874,"[0, 10]","[10, 2]",1.7,,
875,"[1, 23]","[12, 25]",1.7,102.0,11.0
876,"[27, 14]","[12, 25]",1.7,57.0,2.0
877,"[22, 14]","[8, 27]",1.7,54.0,10.0
878,"[24, 28]","[6, 7]",1.7,,
879,"[18, 10]","[21, 1]",1.7,,
880,"[7, 28]","[22, 22]",1.7,157.0,10.0
881,"[4, 1]","[12, 23]",1.7,,
882,"[29, 9]","[20, 11]",1.7,219.0,-2.0
883,"[5, 18]","[14, 12]",1.7,153.0,5.0
884,"[28, 28]","[10, 15]",1.7,58.0,-9.0
885,"[19, 4]","[2, 3]",1.7,,
886,"[14, 5]","[6, 26]",1.7,45.0,13.0
887,"[17, 21]","[6, 6]",1.7,,
888,"[15, 2]","[14, 15]",1.7,206.0,-9.0
889,"[28, 13]","[16, 5]",1.7,,
890,"[28, 13]","[10, 7]",1.7,39.0,-13.0
891,"[26, 6]","[5, 0]",1.7,,
892,"[18, 24]","[26, 1]",1.7,69.0,-2.0
893,"[17, 3]","[1, 17]",1.7,92.0,9.0
894,"[21, 9]","[22, 16]",1.7,206.0,-12.0
895,"[15, 5]","[27, 1]",1.7,,
896,"[5, 28]","[6, 28]",1.7,1.0,3.0
897,"[6, 5]","[25, 18]",1.7,,
898,"[24, 14]","[19, 29]",1.7,,
899,"[22, 18]","[27, 20]",1.7,15.0,4.0
900,"[6, 10]","[8, 1]",1.8,,
901,"[19, 15]","[8, 12]",1.8,21.0,-8.0
902,"[9, 10]","[10, 4]",1.8,,
903,"[24, 18]","[24, 11]",1.8,69.0,3.0
904,"[28, 1]","[21, 20]",1.8,66.0,6.0
905,"[3, 19]","[2, 25]",1.8,64.0,-18.0
906,"[10, 24]","[3, 25]",1.8,178.0,0.0
907,"[16, 13]","[15, 27]",1.8,134.0,2.0
908,"[8, 1]","[1, 19]",1.8,77.0,-9.0
909,"[9, 28]","[20, 29]",1.8,148.0,-12.0
910,"[15, 22]","[4, 11]",1.8,122.0,-3.0
911,"[11, 21]","[26, 10]",1.8,,
912,"[15, 0]","[10, 29]",1.8,75.0,-14.0
913,"[23, 9]","[26, 6]",1.8,17.0,-10.0
914,"[24, 9]","[23, 5]",1.8,27.0,3.0
915,"[27, 2]","[15, 16]",1.8,93.0,-16.0
916,"[9, 18]","[13, 27]",1.8,85.0,1.0
917,"[20, 26]","[1, 17]",1.8,70.0,0.0
918,"[29, 29]","[23, 12]",1.8,,
919,"[1, 9]","[11, 21]",1.8,,
920,"[2, 20]","[15, 3]",1.8,,
921,"[10, 8]","[18, 0]",1.8,,
922,"[27, 0]","[17, 19]",1.8,57.0,11.0
923,"[22, 29]","[2, 15]",1.8,199.0,-4.0
924,"[0, 10]","[10, 2]",1.8,,
925,"[1, 23]","[12, 25]",1.8,102.0,11.0
926,"[27, 14]","[12, 25]",1.8,59.0,2.0
927,"[22, 14]","[8, 27]",1.8,133.0,10.0
928,"[24, 28]","[6, 7]",1.8,,
929,"[18, 10]","[21, 1]",1.8,,
930,"[7, 28]","[22, 22]",1.8,157.0,10.0
931,"[4, 1]","[12, 23]",1.8,,
932,"[29, 9]","[20, 11]",1.8,214.0,-2.0
933,"[5, 18]","[14, 12]",1.8,153.0,5.0
934,"[28, 28]","[10, 15]",1.8,58.0,-9.0
935,"[19, 4]","[2, 3]",1.8,,
936,"[14, 5]","[6, 26]",1.8,45.0,13.0
937,"[17, 21]","[6, 6]",1.8,,
938,"[15, 2]","[14, 15]",1.8,206.0,-9.0
939,"[28, 13]","[16, 5]",1.8,,
940,"[28, 13]","[10, 7]",1.8,39.0,-13.0
941,"[26, 6]","[5, 0]",1.8,,
942,"[18, 24]","[26, 1]",1.8,69.0,-2.0
943,"[17, 3]","[1, 17]",1.8,92.0,9.0
944,"[21, 9]","[22, 16]",1.8,206.0,-12.0
945,"[15, 5]","[27, 1]",1.8,,
946,"[5, 28]","[6, 28]",1.8,1.0,3.0
947,"[6, 5]","[25, 18]",1.8,,
948,"[24, 14]","[19, 29]",1.8,,
949,"[22, 18]","[27, 20]",1.8,15.0,4.0
950,"[6, 10]","[8, 1]",1.9,,
951,"[19, 15]","[8, 12]",1.9,21.0,-8.0
952,"[9, 10]","[10, 4]",1.9,,
953,"[24, 18]","[24, 11]",1.9,69.0,3.0
954,"[28, 1]","[21, 20]",1.9,66.0,6.0
955,"[3, 19]","[2, 25]",1.9,77.0,-18.0
956,"[10, 24]","[3, 25]",1.9,178.0,0.0
957,"[16, 13]","[15, 27]",1.9,144.0,2.0
958,"[8, 1]","[1, 19]",1.9,,
959,"[9, 28]","[20, 29]",1.9,148.0,-12.0
960,"[15, 22]","[4, 11]",1.9,122.0,-3.0
961,"[11, 21]","[26, 10]",1.9,,
962,"[15, 0]","[10, 29]",1.9,75.0,-14.0
963,"[23, 9]","[26, 6]",1.9,17.0,-10.0
964,"[24, 9]","[23, 5]",1.9,27.0,3.0
965,"[27, 2]","[15, 16]",1.9,93.0,-16.0
966,"[9, 18]","[13, 27]",1.9,85.0,1.0
967,"[20, 26]","[1, 17]",1.9,72.0,0.0
968,"[29, 29]","[23, 12]",1.9,,
969,"[1, 9]","[11, 21]",1.9,,
970,"[2, 20]","[15, 3]",1.9,,
971,"[10, 8]","[18, 0]",1.9,,
972,"[27, 0]","[17, 19]",1.9,57.0,11.0
973,"[22, 29]","[2, 15]",1.9,201.0,-4.0
974,"[0, 10]","[10, 2]",1.9,,
975,"[1, 23]","[12, 25]",1.9,102.0,11.0
976,"[27, 14]","[12, 25]",1.9,59.0,2.0
977,"[22, 14]","[8, 27]",1.9,47.0,10.0
978,"[24, 28]","[6, 7]",1.9,,
979,"[18, 10]","[21, 1]",1.9,,
980,"[7, 28]","[22, 22]",1.9,157.0,10.0
981,"[4, 1]","[12, 23]",1.9,,
982,"[29, 9]","[20, 11]",1.9,115.0,-2.0
983,"[5, 18]","[14, 12]",1.9,153.0,5.0
984,"[28, 28]","[10, 15]",1.9,58.0,-9.0
985,"[19, 4]","[2, 3]",1.9,,
986,"[14, 5]","[6, 26]",1.9,45.0,13.0
987,"[17, 21]","[6, 6]",1.9,,
988,"[15, 2]","[14, 15]",1.9,206.0,-9.0
989,"[28, 13]","[16, 5]",1.9,,
990,"[28, 13]","[10, 7]",1.9,39.0,-13.0
991,"[26, 6]","[5, 0]",1.9,,
992,"[18, 24]","[26, 1]",1.9,69.0,-2.0
993,"[17, 3]","[1, 17]",1.9,94.0,9.0
994,"[21, 9]","[22, 16]",1.9,206.0,-12.0
995,"[15, 5]","[27, 1]",1.9,,
996,"[5, 28]","[6, 28]",1.9,1.0,3.0
997,"[6, 5]","[25, 18]",1.9,,
998,"[24, 14]","[19, 29]",1.9,,
999,"[22, 18]","[27, 20]",1.9,15.0,4.0
1000,"[6, 10]","[8, 1]",2.0,,
1001,"[19, 15]","[8, 12]",2.0,21.0,-8.0
1002,"[9, 10]","[10, 4]",2.0,,
1003,"[24, 18]","[24, 11]",2.0,152.0,3.0
1004,"[28, 1]","[21, 20]",2.0,204.0,6.0
1005,"[3, 19]","[2, 25]",2.0,77.0,-18.0
1006,"[10, 24]","[3, 25]",2.0,182.0,0.0
1007,"[16, 13]","[15, 27]",2.0,,
1008,"[8, 1]","[1, 19]",2.0,,
1009,"[9, 28]","[20, 29]",2.0,150.0,-12.0
1010,"[15, 22]","[4, 11]",2.0,,
1011,"[11, 21]","[26, 10]",2.0,,
1012,"[15, 0]","[10, 29]",2.0,75.0,-14.0
1013,"[23, 9]","[26, 6]",2.0,17.0,-10.0
1014,"[24, 9]","[23, 5]",2.0,27.0,3.0
1015,"[27, 2]","[15, 16]",2.0,93.0,-16.0
1016,"[9, 18]","[13, 27]",2.0,,
1017,"[20, 26]","[1, 17]",2.0,72.0,0.0
1018,"[29, 29]","[23, 12]",2.0,56.0,0.0
1019,"[1, 9]","[11, 21]",2.0,94.0,11.0
1020,"[2, 20]","[15, 3]",2.0,,
1021,"[10, 8]","[18, 0]",2.0,,
1022,"[27, 0]","[17, 19]",2.0,57.0,11.0
1023,"[22, 29]","[2, 15]",2.0,201.0,-4.0
1024,"[0, 10]","[10, 2]",2.0,,
1025,"[1, 23]","[12, 25]",2.0,135.0,11.0
1026,"[27, 14]","[12, 25]",2.0,59.0,2.0
1027,"[22, 14]","[8, 27]",2.0,47.0,10.0
1028,"[24, 28]","[6, 7]",2.0,,
1029,"[18, 10]","[21, 1]",2.0,,
1030,"[7, 28]","[22, 22]",2.0,159.0,10.0
1031,"[4, 1]","[12, 23]",2.0,,
1032,"[29, 9]","[20, 11]",2.0,,
1033,"[5, 18]","[14, 12]",2.0,158.0,5.0
1034,"[28, 28]","[10, 15]",2.0,58.0,-9.0
1035,"[19, 4]","[2, 3]",2.0,,
1036,"[14, 5]","[6, 26]",2.0,45.0,13.0
1037,"[17, 21]","[6, 6]",2.0,,
1038,"[15, 2]","[14, 15]",2.0,206.0,-9.0
1039,"[28, 13]","[16, 5]",2.0,,
1040,"[28, 13]","[10, 7]",2.0,39.0,-13.0
1041,"[26, 6]","[5, 0]",2.0,,
1042,"[18, 24]","[26, 1]",2.0,,
1043,"[17, 3]","[1, 17]",2.0,94.0,9.0
1044,"[21, 9]","[22, 16]",2.0,203.0,-12.0
1045,"[15, 5]","[27, 1]",2.0,,
1046,"[5, 28]","[6, 28]",2.0,1.0,3.0
1047,"[6, 5]","[25, 18]",2.0,,
1048,"[24, 14]","[19, 29]",2.0,,
1049,"[22, 18]","[27, 20]",2.0,15.0,4.0
1050,"[6, 10]","[8, 1]",2.1,,
1051,"[19, 15]","[8, 12]",2.1,21.0,-8.0
1052,"[9, 10]","[10, 4]",2.1,,
1053,"[24, 18]","[24, 11]",2.1,152.0,3.0
1054,"[28, 1]","[21, 20]",2.1,,
1055,"[3, 19]","[2, 25]",2.1,77.0,-18.0
1056,"[10, 24]","[3, 25]",2.1,182.0,0.0
1057,"[16, 13]","[15, 27]",2.1,,
1058,"[8, 1]","[1, 19]",2.1,,
1059,"[9, 28]","[20, 29]",2.1,148.0,-12.0
1060,"[15, 22]","[4, 11]",2.1,,
1061,"[11, 21]","[26, 10]",2.1,,
1062,"[15, 0]","[10, 29]",2.1,75.0,-14.0
1063,"[23, 9]","[26, 6]",2.1,17.0,-10.0
1064,"[24, 9]","[23, 5]",2.1,27.0,3.0
1065,"[27, 2]","[15, 16]",2.1,93.0,-16.0
1066,"[9, 18]","[13, 27]",2.1,,
1067,"[20, 26]","[1, 17]",2.1,72.0,0.0
1068,"[29, 29]","[23, 12]",2.1,68.0,0.0
1069,"[1, 9]","[11, 21]",2.1,94.0,11.0
1070,"[2, 20]","[15, 3]",2.1,,
1071,"[10, 8]","[18, 0]",2.1,,
1072,"[27, 0]","[17, 19]",2.1,57.0,11.0
1073,"[22, 29]","[2, 15]",2.1,201.0,-4.0
1074,"[0, 10]","[10, 2]",2.1,,
1075,"[1, 23]","[12, 25]",2.1,135.0,11.0
1076,"[27, 14]","[12, 25]",2.1,59.0,2.0
1077,"[22, 14]","[8, 27]",2.1,57.0,10.0
1078,"[24, 28]","[6, 7]",2.1,,
1079,"[18, 10]","[21, 1]",2.1,,
1080,"[7, 28]","[22, 22]",2.1,159.0,10.0
1081,"[4, 1]","[12, 23]",2.1,,
1082,"[29, 9]","[20, 11]",2.1,,
1083,"[5, 18]","[14, 12]",2.1,158.0,5.0
1084,"[28, 28]","[10, 15]",2.1,155.0,-9.0
1085,"[19, 4]","[2, 3]",2.1,,
1086,"[14, 5]","[6, 26]",2.1,45.0,13.0
1087,"[17, 21]","[6, 6]",2.1,,
1088,"[15, 2]","[14, 15]",2.1,206.0,-9.0
1089,"[28, 13]","[16, 5]",2.1,,
1090,"[28, 13]","[10, 7]",2.1,39.0,-13.0
1091,"[26, 6]","[5, 0]",2.1,,
1092,"[18, 24]","[26, 1]",2.1,,
1093,"[17, 3]","[1, 17]",2.1,94.0,9.0
1094,"[21, 9]","[22, 16]",2.1,203.0,-12.0
1095,"[15, 5]","[27, 1]",2.1,,
1096,"[5, 28]","[6, 28]",2.1,1.0,3.0
1097,"[6, 5]","[25, 18]",2.1,,
1098,"[24, 14]","[19, 29]",2.1,,
1099,"[22, 18]","[27, 20]",2.1,15.0,4.0
1100,"[6, 10]","[8, 1]",2.2,,
1101,"[19, 15]","[8, 12]",2.2,21.0,-8.0
1102,"[9, 10]","[10, 4]",2.2,,
1103,"[24, 18]","[24, 11]",2.2,152.0,3.0
1104,"[28, 1]","[21, 20]",2.2,,
1105,"[3, 19]","[2, 25]",2.2,77.0,-18.0
1106,"[10, 24]","[3, 25]",2.2,182.0,0.0
1107,"[16, 13]","[15, 27]",2.2,,
1108,"[8, 1]","[1, 19]",2.2,,
1109,"[9, 28]","[20, 29]",2.2,148.0,-12.0
1110,"[15, 22]","[4, 11]",2.2,,
1111,"[11, 21]","[26, 10]",2.2,,
1112,"[15, 0]","[10, 29]",2.2,75.0,-14.0
1113,"[23, 9]","[26, 6]",2.2,15.0,-10.0
1114,"[24, 9]","[23, 5]",2.2,27.0,3.0
1115,"[27, 2]","[15, 16]",2.2,93.0,-16.0
1116,"[9, 18]","[13, 27]",2.2,,
1117,"[20, 26]","[1, 17]",2.2,72.0,0.0
1118,"[29, 29]","[23, 12]",2.2,68.0,0.0
1119,"[1, 9]","[11, 21]",2.2,94.0,11.0
1120,"[2, 20]","[15, 3]",2.2,,
1121,"[10, 8]","[18, 0]",2.2,72.0,-4.0
1122,"[27, 0]","[17, 19]",2.2,57.0,11.0
1123,"[22, 29]","[2, 15]",2.2,201.0,-4.0
1124,"[0, 10]","[10, 2]",2.2,,
1125,"[1, 23]","[12, 25]",2.2,135.0,11.0
1126,"[27, 14]","[12, 25]",2.2,59.0,2.0
1127,"[22, 14]","[8, 27]",2.2,57.0,10.0
1128,"[24, 28]","[6, 7]",2.2,,
1129,"[18, 10]","[21, 1]",2.2,,
1130,"[7, 28]","[22, 22]",2.2,159.0,10.0
1131,"[4, 1]","[12, 23]",2.2,,
1132,"[29, 9]","[20, 11]",2.2,,
1133,"[5, 18]","[14, 12]",2.2,,
1134,"[28, 28]","[10, 15]",2.2,,
1135,"[19, 4]","[2, 3]",2.2,143.0,-3.0
1136,"[14, 5]","[6, 26]",2.2,45.0,13.0
1137,"[17, 21]","[6, 6]",2.2,,
1138,"[15, 2]","[14, 15]",2.2,198.0,-9.0
1139,"[28, 13]","[16, 5]",2.2,,
1140,"[28, 13]","[10, 7]",2.2,39.0,-13.0
1141,"[26, 6]","[5, 0]",2.2,,
1142,"[18, 24]","[26, 1]",2.2,,
1143,"[17, 3]","[1, 17]",2.2,94.0,9.0
1144,"[21, 9]","[22, 16]",2.2,,
1145,"[15, 5]","[27, 1]",2.2,,
1146,"[5, 28]","[6, 28]",2.2,1.0,3.0
1147,"[6, 5]","[25, 18]",2.2,,
1148,"[24, 14]","[19, 29]",2.2,,
1149,"[22, 18]","[27, 20]",2.2,15.0,4.0
1150,"[6, 10]","[8, 1]",2.3,,
1151,"[19, 15]","[8, 12]",2.3,21.0,-8.0
1152,"[9, 10]","[10, 4]",2.3,,
1153,"[24, 18]","[24, 11]",2.3,35.0,3.0
1154,"[28, 1]","[21, 20]",2.3,,
1155,"[3, 19]","[2, 25]",2.3,77.0,-18.0
1156,"[10, 24]","[3, 25]",2.3,182.0,0.0
1157,"[16, 13]","[15, 27]",2.3,,
1158,"[8, 1]","[1, 19]",2.3,,
1159,"[9, 28]","[20, 29]",2.3,148.0,-12.0
1160,"[15, 22]","[4, 11]",2.3,,
1161,"[11, 21]","[26, 10]",2.3,,
1162,"[15, 0]","[10, 29]",2.3,75.0,-14.0
1163,"[23, 9]","[26, 6]",2.3,15.0,-10.0
1164,"[24, 9]","[23, 5]",2.3,27.0,3.0
1165,"[27, 2]","[15, 16]",2.3,93.0,-16.0
1166,"[9, 18]","[13, 27]",2.3,,
1167,"[20, 26]","[1, 17]",2.3,,
1168,"[29, 29]","[23, 12]",2.3,,
1169,"[1, 9]","[11, 21]",2.3,94.0,11.0
1170,"[2, 20]","[15, 3]",2.3,39.0,-6.0
1171,"[10, 8]","[18, 0]",2.3,72.0,-4.0
1172,"[27, 0]","[17, 19]",2.3,57.0,11.0
1173,"[22, 29]","[2, 15]",2.3,208.0,-4.0
1174,"[0, 10]","[10, 2]",2.3,,
1175,"[1, 23]","[12, 25]",2.3,135.0,11.0
1176,"[27, 14]","[12, 25]",2.3,,
1177,"[22, 14]","[8, 27]",2.3,57.0,10.0
1178,"[24, 28]","[6, 7]",2.3,,
1179,"[18, 10]","[21, 1]",2.3,,
1180,"[7, 28]","[22, 22]",2.3,159.0,10.0
1181,"[4, 1]","[12, 23]",2.3,,
1182,"[29, 9]","[20, 11]",2.3,,
1183,"[5, 18]","[14, 12]",2.3,,
1184,"[28, 28]","[10, 15]",2.3,,
1185,"[19, 4]","[2, 3]",2.3,143.0,-3.0
1186,"[14, 5]","[6, 26]",2.3,45.0,13.0
1187,"[17, 21]","[6, 6]",2.3,,
1188,"[15, 2]","[14, 15]",2.3,193.0,-9.0
1189,"[28, 13]","[16, 5]",2.3,,
1190,"[28, 13]","[10, 7]",2.3,39.0,-13.0
1191,"[26, 6]","[5, 0]",2.3,,
1192,"[18, 24]","[26, 1]",2.3,,
1193,"[17, 3]","[1, 17]",2.3,,
1194,"[21, 9]","[22, 16]",2.3,,
1195,"[15, 5]","[27, 1]",2.3,,
1196,"[5, 28]","[6, 28]",2.3,1.0,3.0
1197,"[6, 5]","[25, 18]",2.3,,
1198,"[24, 14]","[19, 29]",2.3,,
1199,"[22, 18]","[27, 20]",2.3,15.0,4.0
1200,"[6, 10]","[8, 1]",2.4,,
1201,"[19, 15]","[8, 12]",2.4,21.0,-8.0
1202,"[9, 10]","[10, 4]",2.4,,
1203,"[24, 18]","[24, 11]",2.4,35.0,3.0
1204,"[28, 1]","[21, 20]",2.4,,
1205,"[3, 19]","[2, 25]",2.4,77.0,-18.0
1206,"[10, 24]","[3, 25]",2.4,182.0,0.0
1207,"[16, 13]","[15, 27]",2.4,,
1208,"[8, 1]","[1, 19]",2.4,,
1209,"[9, 28]","[20, 29]",2.4,148.0,-12.0
1210,"[15, 22]","[4, 11]",2.4,,
1211,"[11, 21]","[26, 10]",2.4,,
1212,"[15, 0]","[10, 29]",2.4,75.0,-14.0
1213,"[23, 9]","[26, 6]",2.4,15.0,-10.0
1214,"[24, 9]","[23, 5]",2.4,27.0,3.0
1215,"[27, 2]","[15, 16]",2.4,93.0,-16.0
1216,"[9, 18]","[13, 27]",2.4,,
1217,"[20, 26]","[1, 17]",2.4,,
1218,"[29, 29]","[23, 12]",2.4,,
1219,"[1, 9]","[11, 21]",2.4,94.0,11.0
1220,"[2, 20]","[15, 3]",2.4,39.0,-6.0
1221,"[10, 8]","[18, 0]",2.4,72.0,-4.0
1222,"[27, 0]","[17, 19]",2.4,57.0,11.0
1223,"[22, 29]","[2, 15]",2.4,208.0,-4.0
1224,"[0, 10]","[10, 2]",2.4,,
1225,"[1, 23]","[12, 25]",2.4,135.0,11.0
1226,"[27, 14]","[12, 25]",2.4,,
1227,"[22, 14]","[8, 27]",2.4,57.0,10.0
1228,"[24, 28]","[6, 7]",2.4,,
1229,"[18, 10]","[21, 1]",2.4,,
1230,"[7, 28]","[22, 22]",2.4,159.0,10.0
1231,"[4, 1]","[12, 23]",2.4,,
1232,"[29, 9]","[20, 11]",2.4,,
1233,"[5, 18]","[14, 12]",2.4,,
1234,"[28, 28]","[10, 15]",2.4,,
1235,"[19, 4]","[2, 3]",2.4,143.0,-3.0
1236,"[14, 5]","[6, 26]",2.4,45.0,13.0
1237,"[17, 21]","[6, 6]",2.4,,
1238,"[15, 2]","[14, 15]",2.4,193.0,-9.0
1239,"[28, 13]","[16, 5]",2.4,,
1240,"[28, 13]","[10, 7]",2.4,39.0,-13.0
1241,"[26, 6]","[5, 0]",2.4,,
1242,"[18, 24]","[26, 1]",2.4,,
1243,"[17, 3]","[1, 17]",2.4,,
1244,"[21, 9]","[22, 16]",2.4,,
1245,"[15, 5]","[27, 1]",2.4,,
1246,"[5, 28]","[6, 28]",2.4,1.0,3.0
1247,"[6, 5]","[25, 18]",2.4,,
1248,"[24, 14]","[19, 29]",2.4,,
1249,"[22, 18]","[27, 20]",2.4,15.0,4.0
1250,"[6, 10]","[8, 1]",2.5,,
1251,"[19, 15]","[8, 12]",2.5,21.0,-8.0
1252,"[9, 10]","[10, 4]",2.5,,
1253,"[24, 18]","[24, 11]",2.5,35.0,3.0
1254,"[28, 1]","[21, 20]",2.5,,
1255,"[3, 19]","[2, 25]",2.5,77.0,-18.0
1256,"[10, 24]","[3, 25]",2.5,182.0,0.0
1257,"[16, 13]","[15, 27]",2.5,,
1258,"[8, 1]","[1, 19]",2.5,,
1259,"[9, 28]","[20, 29]",2.5,148.0,-12.0
1260,"[15, 22]","[4, 11]",2.5,,
1261,"[11, 21]","[26, 10]",2.5,,
1262,"[15, 0]","[10, 29]",2.5,75.0,-14.0
1263,"[23, 9]","[26, 6]",2.5,15.0,-10.0
1264,"[24, 9]","[23, 5]",2.5,27.0,3.0
1265,"[27, 2]","[15, 16]",2.5,93.0,-16.0
1266,"[9, 18]","[13, 27]",2.5,,
1267,"[20, 26]","[1, 17]",2.5,,
1268,"[29, 29]","[23, 12]",2.5,,
1269,"[1, 9]","[11, 21]",2.5,94.0,11.0
1270,"[2, 20]","[15, 3]",2.5,39.0,-6.0
1271,"[10, 8]","[18, 0]",2.5,72.0,-4.0
1272,"[27, 0]","[17, 19]",2.5,57.0,11.0
1273,"[22, 29]","[2, 15]",2.5,208.0,-4.0
1274,"[0, 10]","[10, 2]",2.5,,
1275,"[1, 23]","[12, 25]",2.5,135.0,11.0
1276,"[27, 14]","[12, 25]",2.5,,
1277,"[22, 14]","[8, 27]",2.5,57.0,10.0
1278,"[24, 28]","[6, 7]",2.5,,
1279,"[18, 10]","[21, 1]",2.5,,
1280,"[7, 28]","[22, 22]",2.5,159.0,10.0
1281,"[4, 1]","[12, 23]",2.5,,
1282,"[29, 9]","[20, 11]",2.5,,
1283,"[5, 18]","[14, 12]",2.5,,
1284,"[28, 28]","[10, 15]",2.5,,
1285,"[19, 4]","[2, 3]",2.5,143.0,-3.0
1286,"[14, 5]","[6, 26]",2.5,45.0,13.0
1287,"[17, 21]","[6, 6]",2.5,,
1288,"[15, 2]","[14, 15]",2.5,193.0,-9.0
1289,"[28, 13]","[16, 5]",2.5,,
1290,"[28, 13]","[10, 7]",2.5,39.0,-13.0
1291,"[26, 6]","[5, 0]",2.5,,
1292,"[18, 24]","[26, 1]",2.5,,
1293,"[17, 3]","[1, 17]",2.5,,
1294,"[21, 9]","[22, 16]",2.5,,
1295,"[15, 5]","[27, 1]",2.5,,
1296,"[5, 28]","[6, 28]",2.5,1.0,3.0
1297,"[6, 5]","[25, 18]",2.5,,
1298,"[24, 14]","[19, 29]",2.5,,
1299,"[22, 18]","[27, 20]",2.5,15.0,4.0
1300,"[6, 10]","[8, 1]",2.6,,
1301,"[19, 15]","[8, 12]",2.6,21.0,-8.0
1302,"[9, 10]","[10, 4]",2.6,,
1303,"[24, 18]","[24, 11]",2.6,35.0,3.0
1304,"[28, 1]","[21, 20]",2.6,,
1305,"[3, 19]","[2, 25]",2.6,77.0,-18.0
1306,"[10, 24]","[3, 25]",2.6,182.0,0.0
1307,"[16, 13]","[15, 27]",2.6,,
1308,"[8, 1]","[1, 19]",2.6,,
1309,"[9, 28]","[20, 29]",2.6,148.0,-12.0
1310,"[15, 22]","[4, 11]",2.6,,
1311,"[11, 21]","[26, 10]",2.6,,
1312,"[15, 0]","[10, 29]",2.6,75.0,-14.0
1313,"[23, 9]","[26, 6]",2.6,15.0,-10.0
1314,"[24, 9]","[23, 5]",2.6,,
1315,"[27, 2]","[15, 16]",2.6,93.0,-16.0
1316,"[9, 18]","[13, 27]",2.6,,
1317,"[20, 26]","[1, 17]",2.6,,
1318,"[29, 29]","[23, 12]",2.6,,
1319,"[1, 9]","[11, 21]",2.6,94.0,11.0
1320,"[2, 20]","[15, 3]",2.6,39.0,-6.0
1321,"[10, 8]","[18, 0]",2.6,72.0,-4.0
1322,"[27, 0]","[17, 19]",2.6,57.0,11.0
1323,"[22, 29]","[2, 15]",2.6,208.0,-4.0
1324,"[0, 10]","[10, 2]",2.6,,
1325,"[1, 23]","[12, 25]",2.6,135.0,11.0
1326,"[27, 14]","[12, 25]",2.6,,
1327,"[22, 14]","[8, 27]",2.6,57.0,10.0
1328,"[24, 28]","[6, 7]",2.6,,
1329,"[18, 10]","[21, 1]",2.6,,
1330,"[7, 28]","[22, 22]",2.6,159.0,10.0
1331,"[4, 1]","[12, 23]",2.6,,
1332,"[29, 9]","[20, 11]",2.6,,
1333,"[5, 18]","[14, 12]",2.6,,
1334,"[28, 28]","[10, 15]",2.6,,
1335,"[19, 4]","[2, 3]",2.6,143.0,-3.0
1336,"[14, 5]","[6, 26]",2.6,45.0,13.0
1337,"[17, 21]","[6, 6]",2.6,,
1338,"[15, 2]","[14, 15]",2.6,193.0,-9.0
1339,"[28, 13]","[16, 5]",2.6,,
1340,"[28, 13]","[10, 7]",2.6,39.0,-13.0
1341,"[26, 6]","[5, 0]",2.6,,
1342,"[18, 24]","[26, 1]",2.6,,
1343,"[17, 3]","[1, 17]",2.6,,
1344,"[21, 9]","[22, 16]",2.6,,
1345,"[15, 5]","[27, 1]",2.6,,
1346,"[5, 28]","[6, 28]",2.6,1.0,3.0
1347,"[6, 5]","[25, 18]",2.6,,
1348,"[24, 14]","[19, 29]",2.6,,
1349,"[22, 18]","[27, 20]",2.6,15.0,4.0
1350,"[6, 10]","[8, 1]",2.7,,
1351,"[19, 15]","[8, 12]",2.7,21.0,-8.0
1352,"[9, 10]","[10, 4]",2.7,,
1353,"[24, 18]","[24, 11]",2.7,,
1354,"[28, 1]","[21, 20]",2.7,,
1355,"[3, 19]","[2, 25]",2.7,77.0,-18.0
1356,"[10, 24]","[3, 25]",2.7,182.0,0.0
1357,"[16, 13]","[15, 27]",2.7,,
1358,"[8, 1]","[1, 19]",2.7,,
1359,"[9, 28]","[20, 29]",2.7,148.0,-12.0
1360,"[15, 22]","[4, 11]",2.7,,
1361,"[11, 21]","[26, 10]",2.7,,
1362,"[15, 0]","[10, 29]",2.7,75.0,-14.0
1363,"[23, 9]","[26, 6]",2.7,15.0,-10.0
1364,"[24, 9]","[23, 5]",2.7,,
1365,"[27, 2]","[15, 16]",2.7,93.0,-16.0
1366,"[9, 18]","[13, 27]",2.7,,
1367,"[20, 26]","[1, 17]",2.7,,
1368,"[29, 29]","[23, 12]",2.7,,
1369,"[1, 9]","[11, 21]",2.7,94.0,11.0
1370,"[2, 20]","[15, 3]",2.7,39.0,-6.0
1371,"[10, 8]","[18, 0]",2.7,72.0,-4.0
1372,"[27, 0]","[17, 19]",2.7,57.0,11.0
1373,"[22, 29]","[2, 15]",2.7,223.0,-4.0
1374,"[0, 10]","[10, 2]",2.7,,
1375,"[1, 23]","[12, 25]",2.7,135.0,11.0
1376,"[27, 14]","[12, 25]",2.7,,
1377,"[22, 14]","[8, 27]",2.7,57.0,10.0
1378,"[24, 28]","[6, 7]",2.7,,
1379,"[18, 10]","[21, 1]",2.7,,
1380,"[7, 28]","[22, 22]",2.7,159.0,10.0
1381,"[4, 1]","[12, 23]",2.7,,
1382,"[29, 9]","[20, 11]",2.7,,
1383,"[5, 18]","[14, 12]",2.7,,
1384,"[28, 28]","[10, 15]",2.7,,
1385,"[19, 4]","[2, 3]",2.7,143.0,-3.0
1386,"[14, 5]","[6, 26]",2.7,45.0,13.0
1387,"[17, 21]","[6, 6]",2.7,,
1388,"[15, 2]","[14, 15]",2.7,193.0,-9.0
1389,"[28, 13]","[16, 5]",2.7,,
1390,"[28, 13]","[10, 7]",2.7,39.0,-13.0
1391,"[26, 6]","[5, 0]",2.7,,
1392,"[18, 24]","[26, 1]",2.7,,
1393,"[17, 3]","[1, 17]",2.7,,
1394,"[21, 9]","[22, 16]",2.7,,
1395,"[15, 5]","[27, 1]",2.7,,
1396,"[5, 28]","[6, 28]",2.7,1.0,3.0
1397,"[6, 5]","[25, 18]",2.7,,
1398,"[24, 14]","[19, 29]",2.7,,
1399,"[22, 18]","[27, 20]",2.7,15.0,4.0
1400,"[6, 10]","[8, 1]",2.8,,
1401,"[19, 15]","[8, 12]",2.8,21.0,-8.0
1402,"[9, 10]","[10, 4]",2.8,,
1403,"[24, 18]","[24, 11]",2.8,,
1404,"[28, 1]","[21, 20]",2.8,,
1405,"[3, 19]","[2, 25]",2.8,77.0,-18.0
1406,"[10, 24]","[3, 25]",2.8,182.0,0.0
1407,"[16, 13]","[15, 27]",2.8,,
1408,"[8, 1]","[1, 19]",2.8,,
1409,"[9, 28]","[20, 29]",2.8,148.0,-12.0
1410,"[15, 22]","[4, 11]",2.8,,
1411,"[11, 21]","[26, 10]",2.8,,
1412,"[15, 0]","[10, 29]",2.8,75.0,-14.0
1413,"[23, 9]","[26, 6]",2.8,15.0,-10.0
1414,"[24, 9]","[23, 5]",2.8,,
1415,"[27, 2]","[15, 16]",2.8,93.0,-16.0
1416,"[9, 18]","[13, 27]",2.8,,
1417,"[20, 26]","[1, 17]",2.8,,
1418,"[29, 29]","[23, 12]",2.8,,
1419,"[1, 9]","[11, 21]",2.8,94.0,11.0
1420,"[2, 20]","[15, 3]",2.8,39.0,-6.0
1421,"[10, 8]","[18, 0]",2.8,72.0,-4.0
1422,"[27, 0]","[17, 19]",2.8,57.0,11.0
1423,"[22, 29]","[2, 15]",2.8,223.0,-4.0
1424,"[0, 10]","[10, 2]",2.8,,
1425,"[1, 23]","[12, 25]",2.8,135.0,11.0
1426,"[27, 14]","[12, 25]",2.8,,
1427,"[22, 14]","[8, 27]",2.8,57.0,10.0
1428,"[24, 28]","[6, 7]",2.8,,
1429,"[18, 10]","[21, 1]",2.8,,
1430,"[7, 28]","[22, 22]",2.8,159.0,10.0
1431,"[4, 1]","[12, 23]",2.8,,
1432,"[29, 9]","[20, 11]",2.8,,
1433,"[5, 18]","[14, 12]",2.8,,
1434,"[28, 28]","[10, 15]",2.8,,
1435,"[19, 4]","[2, 3]",2.8,143.0,-3.0
1436,"[14, 5]","[6, 26]",2.8,45.0,13.0
1437,"[17, 21]","[6, 6]",2.8,,
1438,"[15, 2]","[14, 15]",2.8,193.0,-9.0
1439,"[28, 13]","[16, 5]",2.8,,
1440,"[28, 13]","[10, 7]",2.8,39.0,-13.0
1441,"[26, 6]","[5, 0]",2.8,,
1442,"[18, 24]","[26, 1]",2.8,,
1443,"[17, 3]","[1, 17]",2.8,,
1444,"[21, 9]","[22, 16]",2.8,,
1445,"[15, 5]","[27, 1]",2.8,,
1446,"[5, 28]","[6, 28]",2.8,1.0,3.0
1447,"[6, 5]","[25, 18]",2.8,,
1448,"[24, 14]","[19, 29]",2.8,,
1449,"[22, 18]","[27, 20]",2.8,15.0,4.0
1450,"[6, 10]","[8, 1]",2.9,,
1451,"[19, 15]","[8, 12]",2.9,21.0,-8.0
1452,"[9, 10]","[10, 4]",2.9,,
1453,"[24, 18]","[24, 11]",2.9,,
1454,"[28, 1]","[21, 20]",2.9,,
1455,"[3, 19]","[2, 25]",2.9,77.0,-18.0
1456,"[10, 24]","[3, 25]",2.9,182.0,0.0
1457,"[16, 13]","[15, 27]",2.9,,
1458,"[8, 1]","[1, 19]",2.9,,
1459,"[9, 28]","[20, 29]",2.9,148.0,-12.0
1460,"[15, 22]","[4, 11]",2.9,,
1461,"[11, 21]","[26, 10]",2.9,,
1462,"[15, 0]","[10, 29]",2.9,75.0,-14.0
1463,"[23, 9]","[26, 6]",2.9,,
1464,"[24, 9]","[23, 5]",2.9,,
1465,"[27, 2]","[15, 16]",2.9,93.0,-16.0
1466,"[9, 18]","[13, 27]",2.9,,
1467,"[20, 26]","[1, 17]",2.9,,
1468,"[29, 29]","[23, 12]",2.9,,
1469,"[1, 9]","[11, 21]",2.9,94.0,11.0
1470,"[2, 20]","[15, 3]",2.9,39.0,-6.0
1471,"[10, 8]","[18, 0]",2.9,72.0,-4.0
1472,"[27, 0]","[17, 19]",2.9,57.0,11.0
1473,"[22, 29]","[2, 15]",2.9,223.0,-4.0
1474,"[0, 10]","[10, 2]",2.9,,
1475,"[1, 23]","[12, 25]",2.9,135.0,11.0
1476,"[27, 14]","[12, 25]",2.9,,
1477,"[22, 14]","[8, 27]",2.9,57.0,10.0
1478,"[24, 28]","[6, 7]",2.9,,
1479,"[18, 10]","[21, 1]",2.9,,
1480,"[7, 28]","[22, 22]",2.9,159.0,10.0
1481,"[4, 1]","[12, 23]",2.9,,
1482,"[29, 9]","[20, 11]",2.9,,
1483,"[5, 18]","[14, 12]",2.9,,
1484,"[28, 28]","[10, 15]",2.9,,
1485,"[19, 4]","[2, 3]",2.9,143.0,-3.0
1486,"[14, 5]","[6, 26]",2.9,45.0,13.0
1487,"[17, 21]","[6, 6]",2.9,,
1488,"[15, 2]","[14, 15]",2.9,193.0,-9.0
1489,"[28, 13]","[16, 5]",2.9,,
1490,"[28, 13]","[10, 7]",2.9,39.0,-13.0
1491,"[26, 6]","[5, 0]",2.9,,
1492,"[18, 24]","[26, 1]",2.9,,
1493,"[17, 3]","[1, 17]",2.9,,
1494,"[21, 9]","[22, 16]",2.9,,
1495,"[15, 5]","[27, 1]",2.9,,
1496,"[5, 28]","[6, 28]",2.9,1.0,3.0
1497,"[6, 5]","[25, 18]",2.9,,
1498,"[24, 14]","[19, 29]",2.9,,
1499,"[22, 18]","[27, 20]",2.9,15.0,4.0
1500,"[6, 10]","[8, 1]",3.0,,
1501,"[19, 15]","[8, 12]",3.0,21.0,-8.0
1502,"[9, 10]","[10, 4]",3.0,,
1503,"[24, 18]","[24, 11]",3.0,,
1504,"[28, 1]","[21, 20]",3.0,,
1505,"[3, 19]","[2, 25]",3.0,77.0,-18.0
1506,"[10, 24]","[3, 25]",3.0,182.0,0.0
1507,"[16, 13]","[15, 27]",3.0,,
1508,"[8, 1]","[1, 19]",3.0,,
1509,"[9, 28]","[20, 29]",3.0,148.0,-12.0
1510,"[15, 22]","[4, 11]",3.0,,
1511,"[11, 21]","[26, 10]",3.0,,
1512,"[15, 0]","[10, 29]",3.0,75.0,-14.0
1513,"[23, 9]","[26, 6]",3.0,,
1514,"[24, 9]","[23, 5]",3.0,,
1515,"[27, 2]","[15, 16]",3.0,93.0,-16.0
1516,"[9, 18]","[13, 27]",3.0,,
1517,"[20, 26]","[1, 17]",3.0,,
1518,"[29, 29]","[23, 12]",3.0,,
1519,"[1, 9]","[11, 21]",3.0,94.0,11.0
1520,"[2, 20]","[15, 3]",3.0,39.0,-6.0
1521,"[10, 8]","[18, 0]",3.0,72.0,-4.0
1522,"[27, 0]","[17, 19]",3.0,57.0,11.0
1523,"[22, 29]","[2, 15]",3.0,223.0,-4.0
1524,"[0, 10]","[10, 2]",3.0,,
1525,"[1, 23]","[12, 25]",3.0,135.0,11.0
1526,"[27, 14]","[12, 25]",3.0,,
1527,"[22, 14]","[8, 27]",3.0,57.0,10.0
1528,"[24, 28]","[6, 7]",3.0,,
1529,"[18, 10]","[21, 1]",3.0,,
1530,"[7, 28]","[22, 22]",3.0,159.0,10.0
1531,"[4, 1]","[12, 23]",3.0,,
1532,"[29, 9]","[20, 11]",3.0,,
1533,"[5, 18]","[14, 12]",3.0,,
1534,"[28, 28]","[10, 15]",3.0,,
1535,"[19, 4]","[2, 3]",3.0,143.0,-3.0
1536,"[14, 5]","[6, 26]",3.0,45.0,13.0
1537,"[17, 21]","[6, 6]",3.0,,
1538,"[15, 2]","[14, 15]",3.0,193.0,-9.0
1539,"[28, 13]","[16, 5]",3.0,,
1540,"[28, 13]","[10, 7]",3.0,39.0,-13.0
1541,"[26, 6]","[5, 0]",3.0,,
1542,"[18, 24]","[26, 1]",3.0,,
1543,"[17, 3]","[1, 17]",3.0,,
1544,"[21, 9]","[22, 16]",3.0,,
1545,"[15, 5]","[27, 1]",3.0,,
1546,"[5, 28]","[6, 28]",3.0,1.0,3.0
1547,"[6, 5]","[25, 18]",3.0,,
1548,"[24, 14]","[19, 29]",3.0,,
1549,"[22, 18]","[27, 20]",3.0,15.0,4.0
